1,Eamon,Braithwait,ebraithwait0@arstechnica.com,Male,10836 Trailsway Street,12,C
2,Ron,Billinge,rbillinge1@ftc.gov,Male,6709 Acker Alley,6,D
3,Leta,Bread,lbread2@webnode.com,Female,66 Scofield Alley,7,E
4,Cymbre,Macy,cmacy3@cocolog-nifty.com,Female,907 Summer Ridge Trail,6,F
5,Piper,Batistelli,pbatistelli4@hp.com,Female,4 Fairfield Way,8,D
6,Eddy,Gawkroge,egawkroge5@example.com,Female,1 Starling Center,9,C
7,Umeko,Hallahan,uhallahan6@engadget.com,Female,1080 Anthes Junction,6,D
8,Vasily,Turnock,vturnock7@vimeo.com,Male,17581 International Road,10,D
9,Ethel,Ecclestone,eecclestone8@ed.gov,Female,057 Spenser Plaza,10,D
10,Paulo,Hassen,phassen9@google.nl,Male,00 Ronald Regan Hill,10,E
11,Kendal,Ilchuk,kilchuka@about.me,Male,6024 Westend Alley,11,B
12,Haven,Portch,hportchb@reddit.com,Male,31123 Granby Trail,6,E
13,Iosep,Asey,iaseyc@blinklist.com,Male,84 Village Green Junction,10,E
14,Salem,Bernini,sberninid@pagesperso-orange.fr,Male,742 Melrose Street,10,B
15,Charleen,Sully,csullye@live.com,Female,30 Ilene Point,8,A
16,Grayce,Oldman,goldmanf@geocities.com,Female,93430 Oak Valley Center,9,D
17,Dilly,McDunlevy,dmcdunlevyg@nbcnews.com,Male,2686 Florence Court,6,F
18,Micheil,Sprowle,msprowleh@uol.com.br,Male,1 Ridgeway Plaza,7,B
19,Binni,Giacoppo,bgiacoppoi@ted.com,Female,55632 Karstens Pass,9,B
20,Sioux,Guerriero,sguerrieroj@psu.edu,Female,436 Hanson Plaza,9,C
21,Flori,Darby,fdarbyk@utexas.edu,Female,65 Fairview Plaza,6,D
22,Rita,Haddinton,rhaddintonl@tumblr.com,Female,75 Sycamore Hill,8,F
23,Nert,Poynton,npoyntonm@clickbank.net,Female,09582 Scoville Point,12,F
24,Ollie,Clifft,oclifftn@bloomberg.com,Female,627 Hovde Lane,9,D
25,Pip,Hurdle,phurdleo@indiatimes.com,Male,06085 Oak Avenue,10,E
26,Joshuah,Oxby,joxbyp@webs.com,Genderqueer,21 Marquette Street,9,E
27,Phylys,Domanek,pdomanekq@github.io,Female,6769 Veith Terrace,12,A
28,Rennie,Cabrales,rcabralesr@cdc.gov,Female,60942 Lunder Parkway,11,E
29,Sabine,Gatty,sgattys@liveinternet.ru,Female,520 Northview Lane,11,E
30,Wrennie,Jantel,wjantelt@1und1.de,Non-binary,4775 Magdeline Point,7,E
31,Garrard,Hinnerk,ghinnerku@php.net,Male,27709 Stone Corner Avenue,11,D
32,Barbette,Kinsella,bkinsellav@arstechnica.com,Female,7489 Susan Hill,11,F
33,Zarah,Stuckey,zstuckeyw@cbsnews.com,Female,3 Green Trail,6,D
34,Palmer,Townsend,ptownsendx@tinypic.com,Non-binary,10310 Prairieview Terrace,11,E
35,Katlin,Stote,kstotey@symantec.com,Female,928 Golf View Alley,7,E
36,Berkeley,McKinnon,bmckinnonz@si.edu,Male,3 Mitchell Avenue,9,C
37,Josiah,Misken,jmisken10@nationalgeographic.com,Male,41 Green Alley,8,E
38,Gianni,Whipp,gwhipp11@dropbox.com,Male,73148 Shelley Plaza,12,B
39,Lauryn,Van der Hoeven,lvanderhoeven12@webmd.com,Female,611 Westerfield Junction,6,F
40,Jayme,Eland,jeland13@webeden.co.uk,Female,0 Pepper Wood Crossing,11,C
41,Rubin,Adenet,radenet14@pagesperso-orange.fr,Male,310 Hayes Junction,8,E
42,Aurilia,Burrage,aburrage15@google.pl,Female,3189 Merrick Trail,7,D
43,Pepillo,Phelps,pphelps16@artisteer.com,Male,8128 Judy Junction,7,C
44,Georgianna,Paye,gpaye17@cbc.ca,Female,40 Doe Crossing Parkway,12,D
45,Ted,Enders,tenders18@miitbeian.gov.cn,Male,23 Sunbrook Crossing,11,F
46,Jacquelyn,Ochterlonie,jochterlonie19@illinois.edu,Female,5044 Graceland Park,7,B
47,Jeanelle,Medgwick,jmedgwick1a@senate.gov,Female,182 Pennsylvania Alley,8,E
48,Sandra,Lambertson,slambertson1b@skyrock.com,Female,071 Fallview Point,6,D
49,Ezequiel,Elies,eelies1c@freewebs.com,Male,483 Packers Point,6,F
50,Damian,Reinisch,dreinisch1d@ow.ly,Male,1 Fordem Court,9,C
51,Dniren,O'Brien,dobrien1e@hibu.com,Female,99 Harbort Park,8,F
52,Isaac,Schruyers,ischruyers1f@w3.org,Male,5 Golden Leaf Park,8,F
53,Beulah,Gremain,bgremain1g@yahoo.com,Female,52 Sage Park,7,B
54,Clea,Sextie,csextie1h@alibaba.com,Female,5190 Packers Plaza,9,F
55,Junia,Nealand,jnealand1i@xing.com,Female,1882 3rd Avenue,11,C
56,Rem,Oakinfold,roakinfold1j@paginegialle.it,Male,850 Old Gate Parkway,7,B
57,Kenny,Plaster,kplaster1k@shutterfly.com,Male,82849 Victoria Place,12,E
58,Phylis,Behninck,pbehninck1l@liveinternet.ru,Female,80004 Scott Place,9,D
59,Nahum,MacGoun,nmacgoun1m@amazon.co.uk,Male,0 Sutteridge Alley,12,A
60,Ermanno,Hailston,ehailston1n@themeforest.net,Male,4379 Grayhawk Street,11,F
61,Josefa,Hannent,jhannent1o@google.fr,Female,37 Ridge Oak Lane,7,B
62,Tate,Whittlesea,twhittlesea1p@instagram.com,Genderqueer,10 Mosinee Drive,11,E
63,Joelle,Mendenhall,jmendenhall1q@dedecms.com,Female,5 Muir Way,10,B
64,Perice,Laible,plaible1r@ehow.com,Male,4 Jana Pass,11,C
65,Jada,Hourican,jhourican1s@microsoft.com,Female,5799 Melvin Drive,8,F
66,Gerry,Plaskitt,gplaskitt1t@intel.com,Female,073 Kings Center,7,D
67,Enrika,Rama,erama1u@epa.gov,Female,2 Helena Park,6,D
68,Skipp,Philipps,sphilipps1v@miitbeian.gov.cn,Male,0 Birchwood Street,9,A
69,Alexia,Longland,alongland1w@last.fm,Female,16 Pawling Alley,12,A
70,Felicity,Gane,fgane1x@gov.uk,Female,39 Harbort Park,6,F
71,Irv,Vasovic,ivasovic1y@wikimedia.org,Male,771 Sullivan Drive,12,F
72,Ambrosi,Lowes,alowes1z@amazon.co.jp,Male,1 Mcguire Place,9,F
73,Christophorus,Westhead,cwesthead20@latimes.com,Male,6179 Gateway Parkway,12,D
74,Jeffry,Stennet,jstennet21@globo.com,Male,9916 Longview Court,6,C
75,Katharyn,Althorp,kalthorp22@bravesites.com,Female,7397 Ludington Park,11,B
76,Farrand,Germann,fgermann23@google.co.uk,Female,150 Maryland Court,11,A
77,Shina,Nise,snise24@usgs.gov,Female,663 Thierer Junction,8,A
78,Valery,Mattschas,vmattschas25@woothemes.com,Female,3 Springview Hill,8,A
79,Auberon,Mabbitt,amabbitt26@dion.ne.jp,Agender,214 Banding Court,9,A
80,Trstram,Shelly,tshelly27@netvibes.com,Male,36 Carioca Park,7,F
81,Corry,Ridehalgh,cridehalgh28@booking.com,Female,43 Golden Leaf Crossing,7,D
82,Sally,Fitch,sfitch29@seesaa.net,Female,72 Ludington Plaza,6,C
83,Kevan,Slemming,kslemming2a@google.ca,Male,122 Bluestem Plaza,8,C
84,Basilius,Bonniface,bbonniface2b@engadget.com,Male,0233 Sugar Court,6,A
85,Nerti,Kilroy,nkilroy2c@google.ca,Female,7582 Vahlen Place,7,C
86,Domini,Boyett,dboyett2d@amazon.co.uk,Female,766 Cordelia Way,12,F
87,Marta,Volker,mvolker2e@rakuten.co.jp,Female,9479 Commercial Road,6,B
88,Mareah,Gill,mgill2f@blog.com,Female,1541 Schurz Pass,8,E
89,Cly,Pentelo,cpentelo2g@buzzfeed.com,Male,282 Pond Avenue,8,A
90,Coralie,Nouch,cnouch2h@omniture.com,Female,0889 School Street,12,F
91,Lind,Khristyukhin,lkhristyukhin2i@flavors.me,Male,75 Dennis Trail,12,E
92,Carina,Fazzioli,cfazzioli2j@istockphoto.com,Female,0507 Hanson Junction,10,E
93,Minni,Pepis,mpepis2k@xrea.com,Female,93 Coleman Trail,10,F
94,Kimberli,Micka,kmicka2l@earthlink.net,Genderqueer,41 Lyons Circle,6,F
95,Ario,Severy,asevery2m@about.me,Male,82663 Cherokee Street,12,A
96,Artemis,Fradgley,afradgley2n@pbs.org,Male,039 Vernon Lane,7,C
97,Eryn,Blamey,eblamey2o@uol.com.br,Female,56732 Lien Place,6,B
98,Levey,Leng,lleng2p@arstechnica.com,Male,851 Homewood Point,8,C
99,Dorella,Hegdonne,dhegdonne2q@joomla.org,Female,125 Meadow Vale Point,12,E
100,Elisha,Klos,eklos2r@china.com.cn,Polygender,16758 Garrison Pass,10,D
101,Nicolis,Furzer,nfurzer2s@liveinternet.ru,Male,75 Commercial Pass,6,B
102,Rowena,Dyshart,rdyshart2t@typepad.com,Genderfluid,8878 New Castle Point,9,F
103,Orella,Humblestone,ohumblestone2u@scribd.com,Female,89620 Helena Court,6,E
104,Dannie,De Bernardis,ddebernardis2v@chron.com,Male,624 Lakewood Terrace,10,A
105,Vanya,Alflat,valflat2w@dion.ne.jp,Male,22 Barnett Drive,12,A
106,Charlene,Ixor,cixor2x@nyu.edu,Female,2180 Tony Point,11,E
107,Hynda,Gallety,hgallety2y@themeforest.net,Female,82 Nova Way,7,D
108,Gratia,Sutheran,gsutheran2z@nps.gov,Female,37 West Center,10,B
109,Ilse,Lebrun,ilebrun30@tripod.com,Female,71583 Lukken Point,9,C
110,Sunny,Cosely,scosely31@webnode.com,Female,10737 Pond Place,12,C
111,Chickie,Josephsen,cjosephsen32@indiegogo.com,Male,687 Artisan Lane,9,A
112,Buffy,Ropp,bropp33@jigsy.com,Female,75397 Schmedeman Trail,10,D
113,Adena,Fontel,afontel34@timesonline.co.uk,Female,8501 Dixon Point,12,F
114,Adrea,Fazan,afazan35@etsy.com,Female,2839 Sunbrook Point,9,C
115,Noami,Wodeland,nwodeland36@zdnet.com,Female,622 Clove Trail,12,E
116,Hyacintha,Janiszewski,hjaniszewski37@hubpages.com,Female,3238 Mesta Crossing,12,A
117,Mort,Cuttelar,mcuttelar38@stanford.edu,Male,881 Meadow Valley Trail,10,A
118,Julianne,Magovern,jmagovern39@netlog.com,Female,61 Hanson Circle,8,E
119,Jeremias,Killiner,jkilliner3a@seattletimes.com,Male,86 Talisman Hill,10,A
120,Kaylil,Mussettini,kmussettini3b@ezinearticles.com,Female,3 Kenwood Road,12,B
121,Noby,Zavittieri,nzavittieri3c@live.com,Male,7 Anhalt Avenue,10,D
122,Rana,Sissland,rsissland3d@rediff.com,Female,8 Dryden Avenue,11,D
123,Marie-jeanne,Sewill,msewill3e@uiuc.edu,Female,02893 Bartelt Parkway,8,B
124,Siana,Tschirschky,stschirschky3f@cdbaby.com,Female,7 Gerald Place,9,A
125,Eba,Frid,efrid3g@imgur.com,Female,9 Pleasure Center,6,D
126,Jelene,Nazer,jnazer3h@sfgate.com,Female,0 Sommers Parkway,11,B
127,Kasper,Napoleone,knapoleone3i@multiply.com,Male,30570 Merry Road,8,E
128,Trudi,Ronci,tronci3j@google.ca,Female,60191 American Ash Lane,8,F
129,Damara,Wyard,dwyard3k@netvibes.com,Female,80057 Susan Center,7,B
130,Leon,Szymanski,lszymanski3l@artisteer.com,Male,0381 Pepper Wood Court,10,D
131,Silvia,Ramirez,sramirez3m@github.com,Polygender,7487 Farragut Park,10,B
132,Enrique,Antonsson,eantonsson3n@nydailynews.com,Male,0930 Northfield Lane,12,D
133,Muffin,Noteyoung,mnoteyoung3o@reference.com,Male,1 Emmet Park,10,E
134,Dayle,Cornelleau,dcornelleau3p@sciencedirect.com,Female,0 Welch Center,9,B
135,Missie,Basire,mbasire3q@tmall.com,Female,8496 Spenser Junction,11,A
136,Mohammed,Lamberth,mlamberth3r@miibeian.gov.cn,Male,2950 Mcbride Drive,10,B
137,Feliza,O'Sesnane,fosesnane3s@dailymail.co.uk,Female,61932 Bay Court,7,C
138,Karisa,Rackham,krackham3t@example.com,Female,81 Sycamore Pass,7,D
139,Jecho,Banaszewski,jbanaszewski3u@dmoz.org,Male,5710 Holmberg Trail,12,A
140,Mair,Petran,mpetran3v@independent.co.uk,Female,2653 2nd Street,9,F
141,Cello,Wetherburn,cwetherburn3w@uol.com.br,Male,2109 Melrose Alley,9,A
142,Irv,Mount,imount3x@home.pl,Male,31447 Comanche Trail,6,F
143,Artur,Desbrow,adesbrow3y@google.pl,Male,673 Forest Run Center,10,F
144,Patsy,Deeson,pdeeson3z@geocities.com,Male,99 Mockingbird Plaza,12,A
145,Trueman,Ibbett,tibbett40@sphinn.com,Agender,47 Hintze Pass,12,F
146,Granny,Chimes,gchimes41@answers.com,Agender,6585 Hovde Lane,8,E
147,Pierrette,Menzies,pmenzies42@mediafire.com,Female,3108 Hansons Drive,12,D
148,Mervin,Ismail,mismail43@so-net.ne.jp,Male,760 Schlimgen Drive,11,D
149,Barbette,Marjot,bmarjot44@123-reg.co.uk,Female,303 Fulton Trail,12,A
150,Derek,Stuckow,dstuckow45@skype.com,Male,8606 Debra Point,10,D
151,Arel,Romera,aromera46@cocolog-nifty.com,Male,71063 Kinsman Circle,7,B
152,Esme,Cromley,ecromley47@mapy.cz,Female,535 Muir Parkway,7,C
153,Jonas,Glasman,jglasman48@scribd.com,Male,0706 Fairview Lane,7,E
154,Elysia,Deabill,edeabill49@yahoo.com,Female,2113 Wayridge Hill,7,E
155,Batholomew,Hunnawill,bhunnawill4a@gov.uk,Male,33 Montana Junction,8,C
156,Saree,Slimmon,sslimmon4b@biglobe.ne.jp,Female,4 Independence Court,8,B
157,Ingaborg,Goodred,igoodred4c@naver.com,Female,02507 Manufacturers Center,8,B
158,Putnem,Hanburry,phanburry4d@com.com,Male,278 Hanover Junction,8,A
159,Bogey,Matz,bmatz4e@va.gov,Male,34 Brickson Park Street,11,A
160,Fredi,Bayman,fbayman4f@friendfeed.com,Female,6748 Muir Road,7,C
161,Ina,Morrissey,imorrissey4g@paginegialle.it,Non-binary,03866 International Place,9,D
162,Gus,Oultram,goultram4h@craigslist.org,Male,200 Fisk Crossing,6,D
163,Noach,Drewell,ndrewell4i@columbia.edu,Male,0143 Comanche Place,12,E
164,Horst,Regina,hregina4j@hatena.ne.jp,Male,1279 Pennsylvania Court,12,C
165,Ursa,Laight,ulaight4k@yellowpages.com,Bigender,8248 Towne Center,10,A
166,Dyanne,Saintpierre,dsaintpierre4l@opensource.org,Female,35874 Burrows Avenue,7,E
167,Bryn,Englishby,benglishby4m@cnet.com,Female,5407 Porter Plaza,7,A
168,Karissa,Maven,kmaven4n@woothemes.com,Female,25395 Jackson Hill,9,F
169,Theodore,Tregunnah,ttregunnah4o@time.com,Male,9 Red Cloud Court,8,D
170,Mikol,Stopher,mstopher4p@csmonitor.com,Male,232 Heffernan Crossing,6,D
171,Shelden,Grinnikov,sgrinnikov4q@alexa.com,Male,37 School Circle,7,A
172,Breena,Jailler,bjailler4r@e-recht24.de,Female,7 Algoma Junction,8,D
173,Michel,Paskins,mpaskins4s@yandex.ru,Female,6 3rd Crossing,12,E
174,Cary,Jayume,cjayume4t@indiatimes.com,Male,03 Colorado Lane,9,A
175,Jard,Ollander,jollander4u@constantcontact.com,Male,757 Caliangt Street,9,C
176,Maressa,Ashfull,mashfull4v@phpbb.com,Female,6500 Ilene Circle,11,F
177,Crichton,Balmann,cbalmann4w@usatoday.com,Male,9 Center Trail,6,D
178,Thomasa,Kmieciak,tkmieciak4x@nationalgeographic.com,Female,0262 Gerald Circle,8,C
179,Art,MacMoyer,amacmoyer4y@apache.org,Male,547 Di Loreto Pass,8,D
180,Graham,O'Lennane,golennane4z@mit.edu,Male,8 Novick Drive,8,F
181,Fania,Lowthorpe,flowthorpe50@mtv.com,Female,031 Mandrake Road,11,D
182,Wolf,Folbig,wfolbig51@marketwatch.com,Male,49209 Melrose Pass,12,B
183,Anjanette,Stears,astears52@w3.org,Female,01 Rowland Plaza,8,D
184,Galven,Peasgood,gpeasgood53@angelfire.com,Polygender,51 Sutteridge Plaza,11,D
185,Ardyce,Simmans,asimmans54@storify.com,Female,3 Menomonie Point,10,E
186,Keriann,Drezzer,kdrezzer55@bizjournals.com,Female,67 Namekagon Point,10,A
187,Donna,Briton,dbriton56@businessinsider.com,Female,9148 Portage Park,11,B
188,Cale,Eisikowitch,ceisikowitch57@pbs.org,Agender,7087 Dryden Way,9,C
189,Donnie,Laste,dlaste58@uiuc.edu,Female,532 Kings Court,11,D
190,Rani,Overel,roverel59@altervista.org,Female,48 Warner Hill,9,C
191,Ezra,Cartmill,ecartmill5a@example.com,Male,72532 Magdeline Junction,10,A
192,Jessee,Lassell,jlassell5b@google.com.br,Male,92448 Gateway Plaza,9,B
193,Ave,Kelso,akelso5c@sfgate.com,Male,0443 Hansons Junction,12,A
194,Brigg,Haine,bhaine5d@theguardian.com,Male,3032 Memorial Crossing,9,D
195,Sigmund,Rusling,srusling5e@bbb.org,Male,6 Paget Center,6,A
196,Katti,Bahde,kbahde5f@washingtonpost.com,Female,8 Alpine Point,10,D
197,Amity,Beckworth,abeckworth5g@blogs.com,Female,0 Park Meadow Center,11,B
198,Leroi,Walburn,lwalburn5h@jiathis.com,Male,35587 Superior Avenue,9,F
199,Arty,Hewson,ahewson5i@microsoft.com,Male,01 Hazelcrest Street,10,E
200,Guglielma,Defraine,gdefraine5j@purevolume.com,Female,29040 Pankratz Terrace,12,E
201,Gerrilee,Collinson,gcollinson5k@sogou.com,Female,47825 Spohn Crossing,7,C
202,Murry,D'Abbot-Doyle,mdabbotdoyle5l@cloudflare.com,Male,4 Evergreen Road,11,B
203,Bunni,McHardy,bmchardy5m@uol.com.br,Female,6000 Little Fleur Court,11,E
204,Bruno,Dinnington,bdinnington5n@canalblog.com,Male,52321 Pierstorff Lane,6,C
205,Sauncho,Skittrall,sskittrall5o@apache.org,Male,411 Bunting Crossing,11,B
206,Bancroft,Care,bcare5p@nature.com,Male,106 Morningstar Circle,7,F
207,Terencio,Pordal,tpordal5q@google.fr,Male,40951 Rutledge Pass,7,A
208,Bastien,Munn,bmunn5r@aol.com,Bigender,06199 Arapahoe Way,6,B
209,Padraic,Joselevitz,pjoselevitz5s@deliciousdays.com,Male,81132 Victoria Parkway,12,D
210,Daffy,Smickle,dsmickle5t@bandcamp.com,Female,62 Old Shore Junction,12,C
211,Berkeley,Philpotts,bphilpotts5u@discovery.com,Male,2598 Dennis Terrace,6,F
212,Carla,Tassell,ctassell5v@gizmodo.com,Female,92 Birchwood Park,12,B
213,Sloane,Gypson,sgypson5w@jimdo.com,Male,53466 Anniversary Street,10,D
214,Merwin,Hanhard,mhanhard5x@issuu.com,Male,21 Barby Point,7,D
215,Tara,Jozsef,tjozsef5y@usda.gov,Female,4147 Melrose Plaza,11,C
216,Coralie,Whiteman,cwhiteman5z@friendfeed.com,Female,4398 New Castle Avenue,9,B
217,Rodney,Lever,rlever60@wordpress.org,Male,1 Buena Vista Drive,7,E
218,Randall,Moreinu,rmoreinu61@nih.gov,Male,64 Debra Pass,12,B
219,Tamar,Causier,tcausier62@alexa.com,Polygender,78 Straubel Alley,9,C
220,Dorene,Syers,dsyers63@nymag.com,Female,0319 Melody Road,11,C
221,Devlin,Flicker,dflicker64@va.gov,Male,4145 Starling Plaza,9,E
222,Ruddy,Hallitt,rhallitt65@mapy.cz,Male,7 Cardinal Way,7,B
223,Nonna,O'Hoey,nohoey66@hatena.ne.jp,Female,227 Mcguire Crossing,7,E
224,Lizzy,Cotgrave,lcotgrave67@topsy.com,Female,88407 Holmberg Hill,12,D
225,Halli,Kelmere,hkelmere68@ftc.gov,Female,9 Dovetail Lane,12,A
226,Jessey,Macoun,jmacoun69@patch.com,Male,75758 Roth Pass,8,A
227,Estevan,Klimschak,eklimschak6a@usgs.gov,Male,259 Ronald Regan Place,7,F
228,Vail,Heathcoat,vheathcoat6b@biglobe.ne.jp,Male,47 Jenifer Circle,10,C
229,Christiane,Botterell,cbotterell6c@cnet.com,Non-binary,19 Oakridge Circle,11,D
230,Ellyn,Payn,epayn6d@mashable.com,Female,528 Tennessee Hill,11,D
231,Filberte,Koppke,fkoppke6e@state.tx.us,Male,69 Village Trail,12,C
232,Denice,Rolance,drolance6f@tinypic.com,Female,79452 Norway Maple Street,10,B
233,Grant,Bowfin,gbowfin6g@google.ca,Male,197 Debra Hill,6,D
234,Sheree,Patnelli,spatnelli6h@amazon.de,Female,477 East Crossing,10,A
235,Berke,Riddler,briddler6i@alexa.com,Male,5 Oak Valley Junction,7,A
236,Bertram,Woolhouse,bwoolhouse6j@booking.com,Male,67 Goodland Trail,9,C
237,Goran,Vittle,gvittle6k@prlog.org,Male,31270 Magdeline Trail,12,D
238,Andromache,Lyfield,alyfield6l@bbb.org,Female,7 Morning Place,10,E
239,Hamish,Accomb,haccomb6m@bluehost.com,Male,84 Shelley Parkway,8,F
240,Fawn,Eborall,feborall6n@yolasite.com,Female,059 Namekagon Trail,6,A
241,Cob,Sagar,csagar6o@dion.ne.jp,Male,8352 Gale Street,9,B
242,Ignazio,Vesque,ivesque6p@prnewswire.com,Male,16 Bunker Hill Trail,9,C
243,Birgit,Filippov,bfilippov6q@epa.gov,Female,1897 Melrose Place,12,B
244,Evaleen,Pietruszewicz,epietruszewicz6r@friendfeed.com,Female,16 Annamark Plaza,6,F
245,Pat,Lasseter,plasseter6s@si.edu,Female,4 Spaight Road,10,F
246,Ibbie,Cobbled,icobbled6t@devhub.com,Female,096 Stephen Alley,9,B
247,Josi,Wessel,jwessel6u@spiegel.de,Female,58303 Alpine Plaza,9,E
248,Deina,Kubes,dkubes6v@phpbb.com,Female,3620 Rusk Crossing,6,D
249,Liam,Grisdale,lgrisdale6w@independent.co.uk,Male,6380 Hooker Plaza,9,D
250,Lora,Sandeland,lsandeland6x@nifty.com,Female,512 Upham Alley,12,F
251,Hedi,Yakunkin,hyakunkin6y@hud.gov,Agender,1097 Randy Plaza,10,B
252,Alexei,Labbett,alabbett6z@hc360.com,Male,03 Luster Crossing,10,E
253,Marcellus,Angrave,mangrave70@flavors.me,Male,0230 Lawn Terrace,10,A
254,Elissa,Grzegorecki,egrzegorecki71@unicef.org,Female,3 Kropf Trail,11,B
255,Brucie,Petrello,bpetrello72@simplemachines.org,Male,19 Leroy Parkway,9,A
256,Dorice,Libbie,dlibbie73@histats.com,Female,36 Russell Court,6,A
257,Cordie,Silber,csilber74@liveinternet.ru,Male,577 Monterey Street,6,A
258,Barnie,Bendle,bbendle75@ebay.com,Male,10888 Springview Point,12,B
259,Gamaliel,Verbeek,gverbeek76@prnewswire.com,Male,5 Trailsway Park,11,C
260,Ginelle,Nast,gnast77@creativecommons.org,Female,70 Almo Street,6,B
261,Thedric,Aldridge,taldridge78@harvard.edu,Male,9 Sheridan Street,8,E
262,Jedediah,Trye,jtrye79@blogs.com,Male,390 American Ash Circle,9,E
263,Hyman,Pepler,hpepler7a@cisco.com,Male,36210 Kim Trail,12,F
264,Quentin,Coombe,qcoombe7b@clickbank.net,Male,8 Lyons Way,7,A
265,Frederich,Crew,fcrew7c@gizmodo.com,Male,23 Portage Street,11,A
266,Sari,Sabie,ssabie7d@wufoo.com,Female,64 Debra Way,10,D
267,Augie,Nolli,anolli7e@fotki.com,Male,2 Anzinger Street,8,D
268,Babs,Bruno,bbruno7f@eepurl.com,Female,689 Luster Park,11,E
269,Freedman,Erskine Sandys,ferskinesandys7g@whitehouse.gov,Male,2 Prentice Place,6,E
270,Rhodie,Jevon,rjevon7h@yelp.com,Genderqueer,033 Park Meadow Lane,8,C
271,Tamas,Eves,teves7i@woothemes.com,Male,429 Vernon Alley,8,E
272,Fredrick,Scarrott,fscarrott7j@europa.eu,Male,2 Ridgeview Trail,6,C
273,Trevor,Blazej,tblazej7k@gravatar.com,Male,7 Esch Park,11,C
274,Grace,Doy,gdoy7l@sfgate.com,Male,26 Ronald Regan Junction,8,A
275,Elijah,Croux,ecroux7m@tamu.edu,Male,0 Hintze Point,11,D
276,Arlen,Lippiett,alippiett7n@odnoklassniki.ru,Bigender,74 Redwing Pass,10,F
277,Rusty,Wabey,rwabey7o@paypal.com,Male,1841 Center Lane,7,D
278,Lesly,Demko,ldemko7p@mlb.com,Female,940 Loomis Drive,11,A
279,Denys,Jaycox,djaycox7q@about.com,Male,93 Redwing Junction,7,F
280,Sheena,D'Escoffier,sdescoffier7r@artisteer.com,Female,334 Calypso Hill,7,B
281,Skip,Galbraeth,sgalbraeth7s@exblog.jp,Male,714 Lakewood Gardens Drive,11,F
282,Odilia,Fominov,ofominov7t@nih.gov,Female,996 Blackbird Center,11,B
283,Kurt,Wilbore,kwilbore7u@yellowbook.com,Genderfluid,09367 Blackbird Plaza,6,A
284,Clint,Leamon,cleamon7v@vistaprint.com,Male,8685 Hanover Circle,6,D
285,Shelli,Debill,sdebill7w@cornell.edu,Female,0 Dunning Plaza,10,E
286,Isaiah,Diviney,idiviney7x@stanford.edu,Male,32 5th Avenue,6,E
287,Rochelle,Rusling,rrusling7y@google.de,Female,72 Marcy Pass,10,B
288,Giacopo,Spellacy,gspellacy7z@blogs.com,Male,39 Green Way,8,E
289,Matthew,Revell,mrevell80@cnn.com,Male,88260 Chive Avenue,6,D
290,Louie,Ranklin,lranklin81@people.com.cn,Male,82 Crownhardt Crossing,8,A
291,Reggi,Lambourn,rlambourn82@facebook.com,Female,71 Hanson Crossing,7,E
292,Elwood,Aslam,easlam83@businessinsider.com,Male,234 Badeau Pass,6,C
293,Frannie,Lewty,flewty84@unesco.org,Agender,4 Jackson Drive,10,E
294,Skippy,Aslie,saslie85@pen.io,Male,2996 Northport Park,11,F
295,Baudoin,Van Bruggen,bvanbruggen86@irs.gov,Male,269 Washington Hill,7,C
296,Ginny,De La Haye,gdelahaye87@merriam-webster.com,Female,64467 Hoepker Street,12,B
297,Ole,Petrichat,opetrichat88@businesswire.com,Male,81 Hazelcrest Street,10,A
298,Garvey,Wheldon,gwheldon89@apple.com,Male,669 Vera Drive,6,C
299,Harald,Clatworthy,hclatworthy8a@go.com,Male,29316 Nancy Pass,8,D
300,Lonny,Baff,lbaff8b@thetimes.co.uk,Male,3547 Russell Drive,8,E
301,Aurelia,Woolstenholmes,awoolstenholmes8c@epa.gov,Female,4432 Macpherson Avenue,11,D
302,Rois,Gregori,rgregori8d@hibu.com,Female,55 Helena Plaza,9,F
303,Constancy,Abson,cabson8e@dell.com,Female,7327 Vermont Junction,11,D
304,Filip,Gostick,fgostick8f@reverbnation.com,Male,949 7th Street,12,D
305,Gusta,Gobat,ggobat8g@comsenz.com,Female,5335 Brickson Park Pass,10,F
306,Lindsay,Holsey,lholsey8h@oakley.com,Non-binary,103 Pine View Way,10,D
307,Rivalee,Inglesant,ringlesant8i@google.es,Female,492 Raven Way,8,F
308,Jeniece,Rubinsohn,jrubinsohn8j@prweb.com,Female,491 Ronald Regan Way,12,A
309,Deck,Dockery,ddockery8k@apple.com,Male,23370 Sheridan Pass,9,A
310,Nicki,Beagan,nbeagan8l@shinystat.com,Female,85562 Westridge Drive,8,F
311,Lizabeth,Trenchard,ltrenchard8m@msn.com,Female,6183 Dawn Parkway,9,C
312,Angelica,Elmar,aelmar8n@ovh.net,Female,38245 Gina Court,7,F
313,Cesya,Elsby,celsby8o@eventbrite.com,Female,57 Melby Road,12,B
314,Raquel,Mansford,rmansford8p@github.com,Female,510 Starling Center,6,F
315,Haleigh,Webborn,hwebborn8q@pagesperso-orange.fr,Male,088 Namekagon Alley,11,F
316,Noland,Coggin,ncoggin8r@clickbank.net,Male,44939 Elgar Terrace,8,F
317,Beilul,Armour,barmour8s@cbc.ca,Female,12 Springs Crossing,9,D
318,Charmane,Toothill,ctoothill8t@github.com,Female,382 Schurz Hill,12,A
319,Mireielle,Ipsley,mipsley8u@networkadvertising.org,Female,10589 Arapahoe Court,8,C
320,Dennison,Giacopazzi,dgiacopazzi8v@wordpress.com,Male,451 Northwestern Court,6,C
321,Robin,Tineman,rtineman8w@nature.com,Male,02 Walton Center,10,D
322,Mada,Najara,mnajara8x@gravatar.com,Genderqueer,602 Pepper Wood Place,10,E
323,Shepard,Coffee,scoffee8y@zdnet.com,Male,48076 Maryland Point,12,B
324,Neil,Prophet,nprophet8z@taobao.com,Male,0583 8th Junction,9,E
325,Ryann,Penhaleurack,rpenhaleurack90@buzzfeed.com,Genderqueer,58 Talmadge Park,7,F
326,Blinni,Bilney,bbilney91@pinterest.com,Female,9791 Carey Drive,6,D
327,Alyse,Gilberthorpe,agilberthorpe92@so-net.ne.jp,Female,60905 Butterfield Circle,11,A
328,Chic,Breznovic,cbreznovic93@nps.gov,Male,7 Gateway Circle,7,F
329,Bartie,Keasey,bkeasey94@prweb.com,Male,50526 Bonner Lane,9,B
330,Melicent,Farloe,mfarloe95@free.fr,Female,21981 Esch Drive,10,B
331,Blair,Goodere,bgoodere96@icio.us,Male,3235 Summit Lane,8,F
332,Kaela,Jollye,kjollye97@geocities.jp,Female,52928 Dakota Way,7,D
333,Thorstein,Wicklin,twicklin98@infoseek.co.jp,Male,41555 Clyde Gallagher Lane,8,D
334,Briant,Clerk,bclerk99@webs.com,Male,637 Moulton Park,11,B
335,Erinn,Blant,eblant9a@toplist.cz,Female,7 Glendale Junction,12,A
336,Ruth,McGilleghole,rmcgilleghole9b@goo.gl,Female,8 Shoshone Alley,6,B
337,Gabriello,Cage,gcage9c@blogtalkradio.com,Non-binary,5298 Porter Drive,12,D
338,Reynolds,Bunstone,rbunstone9d@ustream.tv,Male,38 Cascade Road,10,E
339,Arda,Limming,alimming9e@yellowbook.com,Female,32 Main Junction,12,F
340,Christin,Haibel,chaibel9f@state.gov,Bigender,83209 Miller Lane,12,C
341,Arvie,Sends,asends9g@washingtonpost.com,Male,4 Clyde Gallagher Circle,8,E
342,Arvy,Braferton,abraferton9h@flavors.me,Male,029 Blaine Lane,6,E
343,Michale,Mathely,mmathely9i@zimbio.com,Male,5480 Laurel Way,12,F
344,Alix,Favill,afavill9j@springer.com,Female,6236 Stang Park,8,D
345,Chevy,Chiplin,cchiplin9k@spiegel.de,Male,2 Morrow Circle,10,A
346,Delmar,Garnsworthy,dgarnsworthy9l@sitemeter.com,Male,03470 Golf View Drive,8,A
347,Chad,Zelley,czelley9m@home.pl,Male,252 Transport Hill,6,E
348,Raffarty,Litterick,rlitterick9n@360.cn,Male,1 Hallows Circle,10,D
349,Kristi,Igoe,kigoe9o@jugem.jp,Genderqueer,40306 Westport Circle,7,D
350,Nicky,Peye,npeye9p@google.ca,Male,74 Hallows Court,9,E
351,Darelle,Shackell,dshackell9q@pbs.org,Female,4406 Waxwing Street,7,D
352,Karalee,Cowdray,kcowdray9r@google.de,Female,067 Buell Place,11,D
353,Olag,Stoddart,ostoddart9s@phoca.cz,Genderfluid,59 Spohn Center,6,A
354,Rebeca,Stannus,rstannus9t@deliciousdays.com,Female,12 Lakeland Alley,10,F
355,Em,Aslin,easlin9u@alexa.com,Female,4 Hayes Avenue,11,D
356,Flinn,Chessel,fchessel9v@homestead.com,Male,1623 Jackson Drive,6,B
357,Sherline,Kabos,skabos9w@sina.com.cn,Female,45432 Grasskamp Parkway,6,C
358,Westley,Elfitt,welfitt9x@yale.edu,Male,4188 Jenna Avenue,11,B
359,Randell,Gronou,randellg2054@gmail.com,Male,84084 Logan Terrace,6,D
360,Lida,Corkett,lcorkett9z@skype.com,Female,5983 Ridgeway Way,6,A
361,Edmon,Nicklen,enicklena0@jugem.jp,Male,56265 Nelson Road,11,C
362,Kevon,Gehrels,kgehrelsa1@unblog.fr,Male,3 School Circle,9,F
363,Noak,Jarret,njarreta2@google.it,Agender,940 Maryland Drive,9,E
364,Adan,Frank,afranka3@upenn.edu,Male,37005 Jenifer Place,7,A
365,Mandie,Esberger,mesbergera4@sitemeter.com,Female,1801 Vahlen Terrace,6,C
366,Ferd,Brinded,fbrindeda5@pbs.org,Male,67002 Old Gate Trail,7,C
367,Dougie,Oxx,doxxa6@netscape.com,Male,9789 Green Ridge Trail,12,B
368,Roselia,Rooper,rroopera7@hatena.ne.jp,Female,8 Algoma Alley,9,C
369,Kittie,Scrancher,kscranchera8@liveinternet.ru,Female,9 Clove Parkway,8,F
370,Carlynne,Maylott,cmaylotta9@nps.gov,Female,3836 Nancy Avenue,6,D
371,Gigi,Hodgon,ghodgonaa@craigslist.org,Female,4 Hermina Hill,10,B
372,Marrilee,Stollwerk,mstollwerkab@icq.com,Female,7 Old Gate Park,12,A
373,Archie,Cheves,achevesac@dedecms.com,Polygender,791 Pankratz Way,7,D
374,Denver,Riley,drileyad@posterous.com,Male,4 Mitchell Point,8,C
375,Lalo,Plenderleith,lplenderleithae@histats.com,Male,42 American Ash Street,8,F
376,Letti,Ince,linceaf@eventbrite.com,Female,488 Fisk Way,9,A
377,Anastassia,Dickey,adickeyag@sphinn.com,Female,3 Messerschmidt Circle,7,B
378,Bell,Marston,bmarstonah@java.com,Agender,1143 Becker Point,9,C
379,Connie,Holleran,cholleranai@va.gov,Male,090 Longview Plaza,9,A
380,Anet,Alekseicik,aalekseicikaj@theguardian.com,Genderfluid,5708 Vernon Drive,7,F
381,Rosaline,Searchwell,rsearchwellak@youtube.com,Female,915 Redwing Lane,9,F
382,Kayley,Haggarth,khaggarthal@people.com.cn,Female,366 Dayton Lane,12,B
383,Jermain,Demangel,jdemangelam@livejournal.com,Male,211 Gateway Alley,11,C
384,Jase,Igo,jigoan@samsung.com,Male,739 Farmco Center,8,A
385,Jerrine,MacNeillie,jmacneillieao@arstechnica.com,Female,22 Monica Alley,6,A
386,Olin,Bramelt,obrameltap@soundcloud.com,Male,471 Duke Junction,7,B
387,Matt,Dargan,mdarganaq@amazonaws.com,Male,736 Roxbury Avenue,11,A
388,Nissie,Radolf,nradolfar@kickstarter.com,Female,1266 Porter Point,6,D
389,Brendan,McOmish,bmcomishas@msu.edu,Male,41899 Oxford Center,6,A
390,Amandie,Tolhurst,atolhurstat@i2i.jp,Female,575 Dayton Place,10,E
391,Jedediah,Ragborne,jragborneau@arstechnica.com,Male,44 Del Sol Parkway,12,A
392,Sigmund,Simonds,ssimondsav@ca.gov,Male,6 Jackson Park,8,F
393,Kerr,Krikorian,kkrikorianaw@nhs.uk,Male,18 Old Shore Plaza,12,F
394,Jarrid,Andresen,jandresenax@sakura.ne.jp,Male,60439 Manufacturers Parkway,7,F
395,Lolly,Weathers,lweathersay@state.tx.us,Female,7 Mariners Cove Pass,11,F
396,Gavin,Goncaves,ggoncavesaz@uiuc.edu,Male,2432 7th Center,6,C
397,Dimitri,Rubinsztein,drubinszteinb0@dell.com,Male,03853 Eagle Crest Way,8,B
398,Karine,Izkovitch,kizkovitchb1@archive.org,Female,36 Coleman Place,10,C
399,Fannie,Henriques,fhenriquesb2@msn.com,Female,29408 Swallow Center,10,A
400,Freedman,Scurrah,fscurrahb3@parallels.com,Male,73701 Hovde Place,11,F
401,Jessie,Gabbotts,jgabbottsb4@pen.io,Male,72 Dottie Park,12,D
402,Karin,Fairlie,kfairlieb5@ucoz.com,Female,1 Ridgeway Alley,10,C
403,Cynthia,Stamp,cstampb6@si.edu,Female,9 Norway Maple Point,7,D
404,Angelica,Huxton,ahuxtonb7@latimes.com,Female,0 Hauk Point,10,C
405,Clarissa,MacAdam,cmacadamb8@youku.com,Genderqueer,261 Manley Junction,12,B
406,Dwain,Lambird,dlambirdb9@pbs.org,Male,60769 Northport Court,10,D
407,Lawrence,Labin,llabinba@gnu.org,Genderfluid,5 Autumn Leaf Terrace,10,B
408,Cristobal,Sellor,csellorbb@vkontakte.ru,Male,58 Sugar Center,12,B
409,Corty,Byard,cbyardbc@wix.com,Male,5 Kennedy Park,7,B
410,Rowland,Lafont,rlafontbd@phpbb.com,Male,04 Northport Alley,8,C
411,Matthias,Castellaccio,mcastellacciobe@gravatar.com,Male,60 Farwell Pass,6,A
412,Janka,Ferber,jferberbf@senate.gov,Female,391 Mayer Trail,7,A
413,Nathanial,Briand,nbriandbg@creativecommons.org,Male,097 Warner Park,7,E
414,Raphael,Burgan,rburganbh@angelfire.com,Male,63 Brentwood Plaza,11,E
415,Fredi,Freke,ffrekebi@dailymotion.com,Female,18232 Hoepker Plaza,7,D
416,Delano,Monument,dmonumentbj@amazon.co.jp,Male,320 Fulton Circle,8,F
417,Ody,Tivnan,otivnanbk@psu.edu,Male,2922 Oak Hill,6,E
418,Josy,Piburn,jpiburnbl@psu.edu,Female,92381 Summerview Circle,6,F
419,Lynn,Ledner,llednerbm@yolasite.com,Male,491 Dayton Place,10,B
420,Natalie,Harbar,nharbarbn@e-recht24.de,Female,7228 Derek Plaza,11,A
421,Harman,Flatt,hflattbo@blinklist.com,Male,1252 Sutherland Circle,6,C
422,Raleigh,Galway,rgalwaybp@shareasale.com,Genderqueer,90695 Scofield Hill,9,B
423,Marlena,Hachette,mhachettebq@prlog.org,Genderqueer,332 Johnson Center,6,B
424,Yettie,Andriessen,yandriessenbr@salon.com,Female,9 Sunbrook Point,7,B
425,Bern,Bowdery,bbowderybs@hud.gov,Male,1 Mandrake Circle,11,A
426,Colas,McLeese,cmcleesebt@businesswire.com,Male,38166 Welch Junction,7,C
427,Alverta,Norwood,anorwoodbu@mozilla.com,Female,37282 Kingsford Way,7,B
428,Vi,Sellor,vsellorbv@time.com,Female,17 Northfield Terrace,8,A
429,Oates,Tregido,otregidobw@jalbum.net,Male,660 Nancy Circle,12,D
430,Jillana,Suller,jsullerbx@163.com,Female,2 Bunker Hill Circle,8,D
431,Cal,Derby,cderbyby@hugedomains.com,Male,4717 Fuller Way,12,B
432,Elayne,Pennick,epennickbz@accuweather.com,Female,88 Mandrake Terrace,9,A
433,Ilene,Gorbell,igorbellc0@imageshack.us,Genderfluid,617 Kipling Park,9,C
434,Percy,Vankov,pvankovc1@deliciousdays.com,Polygender,133 Miller Road,6,E
435,Dusty,Barg,dbargc2@devhub.com,Female,47 Aberg Parkway,11,A
436,Leese,Yancey,lyanceyc3@mapquest.com,Genderqueer,13882 Sutherland Trail,12,B
437,Raeann,Balm,rbalmc4@360.cn,Female,23904 5th Terrace,11,F
438,Davidde,Marthen,dmarthenc5@webmd.com,Male,9 Westend Point,7,D
439,Haleigh,Allot,hallotc6@plala.or.jp,Male,37856 Gerald Parkway,10,E
440,Celie,Fallows,cfallowsc7@topsy.com,Female,06 Pleasure Hill,11,C
441,Ky,Macieiczyk,kmacieiczykc8@blinklist.com,Male,44319 Arrowood Way,7,A
442,Veronike,Johananoff,vjohananoffc9@wordpress.com,Female,99 Northwestern Drive,8,A
443,Danni,Ferrini,dferrinica@businessweek.com,Female,979 Sycamore Pass,7,F
444,Brien,Bolin,bbolincb@latimes.com,Male,1715 Butterfield Way,9,E
445,Larry,Baline,lbalinecc@salon.com,Male,8 Katie Road,6,F
446,Verne,Trent,vtrentcd@pcworld.com,Non-binary,7 Park Meadow Circle,12,A
447,Saleem,Heys,sheysce@icio.us,Male,3940 Evergreen Way,8,F
448,Esteban,Rattray,erattraycf@addtoany.com,Male,40 Washington Avenue,9,D
449,Judon,Dempster,jdempstercg@github.io,Male,900 Colorado Road,11,C
450,Giacomo,Lammerich,glammerichch@cisco.com,Male,555 Mesta Place,10,B
451,Royal,MacKim,rmackimci@theatlantic.com,Male,4 Sommers Trail,11,D
452,Veradis,Jaqueme,vjaquemecj@vinaora.com,Female,28 Oak Crossing,9,D
453,Cinderella,Haccleton,chaccletonck@gov.uk,Female,63194 Vidon Road,8,F
454,Janka,Twiddy,jtwiddycl@oakley.com,Female,87 Di Loreto Alley,11,F
455,Denis,Kilbride,dkilbridecm@diigo.com,Male,064 Lindbergh Alley,12,D
456,Loralie,McFfaden,lmcffadencn@cam.ac.uk,Female,6 Lyons Court,8,A
457,Shermie,Tomlett,stomlettco@omniture.com,Male,06 Oak Center,7,E
458,Bary,Isakson,bisaksoncp@who.int,Male,810 Manley Hill,9,F
459,Clemmy,Spatoni,cspatonicq@umn.edu,Male,83190 East Point,11,F
460,Austen,Rustidge,arustidgecr@mysql.com,Male,5 Northport Drive,12,D
461,Gilburt,Rumbellow,grumbellowcs@samsung.com,Male,38 Nobel Pass,8,E
462,Eamon,Adamovitch,eadamovitchct@accuweather.com,Male,2 Gulseth Avenue,8,E
463,Randy,Fereday,rferedaycu@wired.com,Male,18102 Northview Drive,11,B
464,Tracee,Abreheart,tabreheartcv@dyndns.org,Female,4654 Victoria Street,8,D
465,Rudolfo,Emma,remmacw@yahoo.com,Male,390 Heath Lane,8,C
466,Gabriello,Byass,gbyasscx@taobao.com,Male,54 Eastwood Place,9,A
467,Tracey,Mitchinson,tmitchinsoncy@ocn.ne.jp,Male,6 Sage Drive,8,D
468,Aldon,Hoff,ahoffcz@chron.com,Male,16 John Wall Park,12,A
469,Chrystal,Caudrelier,ccaudrelierd0@xrea.com,Female,95 Northfield Plaza,7,E
470,Jacinta,Jopke,jjopked1@java.com,Female,78 Washington Point,9,D
471,Courtnay,Caplis,ccaplisd2@bloglines.com,Agender,48711 Hauk Park,7,B
472,Deck,Berrecloth,dberreclothd3@aol.com,Male,8 Arkansas Place,12,A
473,Jammal,Reburn,jreburnd4@fema.gov,Male,68841 Cottonwood Avenue,11,E
474,Jannel,Jevon,jjevond5@moonfruit.com,Female,899 Boyd Trail,12,A
475,Leshia,Gledstane,lgledstaned6@example.com,Female,550 Dayton Avenue,10,B
476,Joseph,Troke,jtroked7@fastcompany.com,Male,0 Golf View Way,6,A
477,Dena,Geldeford,dgeldefordd8@slideshare.net,Female,70 Hagan Hill,6,A
478,Janice,McGuinness,jmcguinnessd9@shutterfly.com,Female,886 Milwaukee Terrace,6,C
479,Marwin,Duiged,mduigedda@blinklist.com,Male,931 South Hill,10,E
480,Marcellus,McAne,mmcanedb@ed.gov,Male,21805 Shasta Pass,7,C
481,Dilly,Warstall,dwarstalldc@devhub.com,Male,1 Graedel Way,12,C
482,Zora,Shillam,zshillamdd@weebly.com,Genderfluid,78 Waywood Park,10,D
483,Kelsey,Jacqueme,kjacquemede@zimbio.com,Female,31 Declaration Center,8,C
484,Ahmad,Rosenbarg,arosenbargdf@seesaa.net,Male,30 Gina Crossing,10,E
485,Patrizio,Bambrugh,pbambrughdg@businesswire.com,Male,53706 Starling Street,8,C
486,Maximilian,Ainsworth,mainsworthdh@state.gov,Agender,407 Harbort Way,7,B
487,Jacky,Guillot,jguillotdi@artisteer.com,Male,58551 Dapin Pass,9,B
488,Gelya,Vedyashkin,gvedyashkindj@alexa.com,Bigender,0 Blue Bill Park Trail,7,E
489,Uriel,Cocks,ucocksdk@bravesites.com,Male,2 Magdeline Park,9,A
490,Filip,Kimmons,fkimmonsdl@miibeian.gov.cn,Male,19 Anzinger Terrace,8,E
491,Damiano,Epton,deptondm@1688.com,Male,60286 Hintze Crossing,11,F
492,Dredi,Caudelier,dcaudelierdn@123-reg.co.uk,Female,9119 Sullivan Street,10,A
493,Tatum,Ellery,tellerydo@scientificamerican.com,Female,9150 Lindbergh Parkway,9,A
494,Wilhelmina,Somerton,wsomertondp@nature.com,Female,59115 Gina Terrace,9,B
495,Kynthia,Pennini,kpenninidq@google.com.br,Female,955 Brickson Park Street,8,A
496,Lauretta,Domoney,ldomoneydr@jugem.jp,Non-binary,0835 Meadow Valley Hill,11,D
497,Jorrie,Ludovico,jludovicods@ucoz.ru,Female,06746 Nobel Alley,7,A
498,Selene,Kristoffersen,skristoffersendt@hhs.gov,Female,28 Westridge Street,11,D
499,Ezra,Keppe,ekeppedu@alibaba.com,Genderqueer,2 Drewry Circle,8,C
500,Valry,Facher,vfacherdv@bloomberg.com,Female,1952 Oriole Court,7,B
501,Conroy,Obee,cobeedw@godaddy.com,Male,6 Thompson Lane,11,E
502,Dory,Honisch,dhonischdx@webnode.com,Female,8 Northwestern Way,7,F
503,Cody,Siviter,csiviterdy@ftc.gov,Male,941 5th Alley,9,D
504,Fayette,Pressland,fpresslanddz@yellowbook.com,Female,5243 Mayfield Street,10,C
505,Orv,Spir,ospire0@sfgate.com,Male,80475 Marcy Court,11,A
506,Pauly,Hrinchishin,phrinchishine1@illinois.edu,Male,61988 Drewry Circle,6,D
507,Ansell,Shorey,ashoreye2@ezinearticles.com,Male,63625 Porter Point,12,B
508,Filippo,Krienke,fkrienkee3@yahoo.com,Male,62289 Morrow Court,7,D
509,Manda,Kobsch,mkobsche4@youtube.com,Female,454 Rusk Avenue,9,D
510,Sonya,Duell,sduelle5@marriott.com,Female,46 Menomonie Way,7,B
511,Anallise,Boot,aboote6@lycos.com,Female,144 Mallard Park,10,E
512,Natalya,Gudgeon,ngudgeone7@tripadvisor.com,Female,085 Maryland Place,11,D
513,Mirella,Haukey,mhaukeye8@bigcartel.com,Female,52622 Canary Lane,10,D
514,Moore,Evason,mevasone9@hhs.gov,Male,20 Rutledge Terrace,11,A
515,Jessica,Eidelman,jeidelmanea@moonfruit.com,Bigender,4351 Anzinger Avenue,7,F
516,Raynor,Grimbaldeston,rgrimbaldestoneb@github.com,Male,8239 Steensland Park,11,F
517,Shirlene,Mannock,smannockec@is.gd,Female,7 Darwin Trail,11,B
518,Micheal,Bleddon,mbleddoned@paginegialle.it,Male,63287 Kings Trail,8,C
519,Etienne,Ciani,ecianiee@imdb.com,Male,41 Elmside Drive,6,D
520,Dimitri,Denisot,ddenisotef@blogspot.com,Genderfluid,61 Troy Street,10,B
521,Twyla,Petrovsky,tpetrovskyeg@1688.com,Female,8 Ridgeway Court,6,D
522,Randolph,Leades,rleadeseh@yahoo.co.jp,Male,56 Reindahl Junction,11,E
523,Alyosha,Kamienski,akamienskiei@oracle.com,Male,2 Schmedeman Center,12,F
524,Flora,Cosgrave,fcosgraveej@cpanel.net,Female,3 Dorton Junction,10,D
525,Lillian,Gocher,lgocherek@un.org,Female,794 Crescent Oaks Hill,10,C
526,Betty,Slayny,bslaynyel@usgs.gov,Female,700 Scoville Avenue,9,A
527,Goldina,MacDowall,gmacdowallem@newsvine.com,Female,6 Northwestern Road,11,F
528,Sarena,Waggitt,swaggitten@wikipedia.org,Female,25273 Blackbird Drive,9,B
529,Sawyer,Stirling,sstirlingeo@bloglines.com,Polygender,1634 Bultman Center,8,E
530,Tammy,Truss,ttrussep@gravatar.com,Female,3 Towne Parkway,12,A
531,Zolly,Madgin,zmadgineq@macromedia.com,Male,48 Springview Avenue,11,B
532,Erinn,Koubu,ekoubuer@nymag.com,Female,44625 Erie Circle,12,C
533,Tyler,MacAleese,tmacaleesees@opensource.org,Bigender,289 Shopko Road,9,F
534,Teresina,Cunnow,tcunnowet@shop-pro.jp,Female,64075 Buena Vista Road,11,B
535,Uriel,Gallaway,ugallawayeu@arstechnica.com,Male,31 Golf Place,8,D
536,Hurlee,Cawdron,hcawdronev@lulu.com,Male,1192 Goodland Crossing,7,B
537,Anastasie,Wadham,awadhamew@networksolutions.com,Female,65 Linden Parkway,7,D
538,Arly,Coram,acoramex@sogou.com,Female,84 Mandrake Trail,7,D
539,Catharine,Shilladay,cshilladayey@merriam-webster.com,Female,5 Surrey Avenue,12,B
540,Flory,Scanlon,fscanlonez@msu.edu,Female,1700 Brickson Park Trail,8,A
541,Rasla,Habbema,rhabbemaf0@google.es,Female,5 Haas Center,10,A
542,Sharona,Ferrarone,sferraronef1@skyrock.com,Female,602 Golden Leaf Street,8,F
543,Carlynn,Leathard,cleathardf2@topsy.com,Female,308 Banding Pass,7,A
544,Aurthur,Simao,asimaof3@smh.com.au,Male,1 Melvin Circle,11,A
545,Rivi,Monteath,rmonteathf4@wiley.com,Female,6993 Manufacturers Alley,10,A
546,Giulia,Gieraths,ggierathsf5@jimdo.com,Female,3 Duke Pass,7,A
547,Gilligan,Gergely,ggergelyf6@npr.org,Female,383 Graceland Circle,6,B
548,Marvin,Bouzan,mbouzanf7@ftc.gov,Male,04806 Heffernan Place,6,E
549,Gaylene,Brosel,gbroself8@ask.com,Female,1514 Weeping Birch Park,6,C
550,Reinald,Turgoose,rturgoosef9@instagram.com,Male,4956 Reinke Crossing,6,F
551,Abey,Nunnerley,anunnerleyfa@elpais.com,Genderfluid,871 Declaration Avenue,6,D
552,Koren,Mee,kmeefb@cbc.ca,Female,73698 Carioca Plaza,11,C
553,Fiann,Denes,fdenesfc@fda.gov,Female,6552 Fuller Circle,12,E
554,Laurel,Gravy,lgravyfd@disqus.com,Female,83 Helena Drive,11,F
555,Roslyn,Kamien,rkamienfe@about.com,Female,250 Vera Road,11,A
556,Borg,Farrear,bfarrearff@aboutads.info,Male,0141 Ridge Oak Plaza,9,D
557,Chiquita,Canete,ccanetefg@hubpages.com,Female,64 Oxford Court,11,D
558,James,Hockey,jhockeyfh@weather.com,Male,27122 Marquette Junction,9,B
559,Kaleb,Woodage,kwoodagefi@paginegialle.it,Male,78 Eagan Alley,7,E
560,Mollie,Voller,mvollerfj@mozilla.com,Female,45 3rd Way,8,A
561,Zsazsa,Josofovitz,zjosofovitzfk@de.vu,Female,0 Johnson Center,9,C
562,Osmond,Peagrim,opeagrimfl@mashable.com,Male,49064 Florence Way,9,F
563,Franky,Checkley,fcheckleyfm@digg.com,Female,283 Cardinal Parkway,12,C
564,Charmain,Bruhnke,cbruhnkefn@comcast.net,Female,102 Warner Crossing,12,A
565,Harris,Gateland,hgatelandfo@behance.net,Male,83 Dryden Pass,9,A
566,Laney,Welton,lweltonfp@jigsy.com,Female,52 Algoma Hill,6,A
567,Fidelia,Soppit,fsoppitfq@blogspot.com,Genderqueer,41742 Sunfield Place,8,B
568,Edee,Crofthwaite,ecrofthwaitefr@wisc.edu,Genderfluid,771 Marcy Center,11,F
569,Gael,Van der Beken,gvanderbekenfs@redcross.org,Male,04741 Reindahl Way,7,A
570,Carlos,Cutford,ccutfordft@reddit.com,Male,6 Pond Drive,8,B
571,Steven,Murrells,smurrellsfu@bandcamp.com,Male,14 Lindbergh Junction,12,C
572,Fowler,Kitchingman,fkitchingmanfv@businessweek.com,Polygender,57 Petterle Hill,9,B
573,Angelika,Izkovitz,aizkovitzfw@edublogs.org,Female,8 Haas Alley,11,D
574,Wernher,Grunwald,wgrunwaldfx@sciencedirect.com,Male,121 Kings Place,8,E
575,Isabel,Loding,ilodingfy@studiopress.com,Female,18 Village Green Road,12,A
576,Smith,Brash,sbrashfz@nasa.gov,Male,98920 Orin Avenue,8,B
577,Jeffry,Kowalski,jkowalskig0@cdbaby.com,Male,0 Debra Court,9,F
578,Lucinda,Devany,ldevanyg1@twitpic.com,Female,8 Jenna Parkway,7,E
579,Meghan,Pow,mpowg2@purevolume.com,Female,762 Stuart Plaza,12,C
580,Jameson,Howsley,jhowsleyg3@desdev.cn,Non-binary,375 Ryan Point,8,E
581,Sybyl,Royle,sroyleg4@va.gov,Female,31 Mallard Center,12,B
582,Bunni,Scutts,bscuttsg5@abc.net.au,Female,5 Stoughton Plaza,7,A
583,Charin,Fasse,cfasseg6@cbc.ca,Female,594 Monterey Pass,6,F
584,Emmott,Redemile,eredemileg7@furl.net,Agender,24199 Ronald Regan Trail,6,C
585,Clair,Enriquez,cenriquezg8@patch.com,Male,85916 Chinook Parkway,10,D
586,Aretha,Trembath,atrembathg9@go.com,Female,30407 Reinke Avenue,10,E
587,Clovis,Sabey,csabeyga@yolasite.com,Female,53576 High Crossing Trail,9,B
588,Merrill,Gonzalez,mgonzalezgb@usnews.com,Female,92 Florence Point,8,F
589,Mel,Morbey,mmorbeygc@ask.com,Female,03 Rockefeller Court,11,D
590,Lulita,Roxbee,lroxbeegd@bizjournals.com,Female,40846 Lien Trail,11,D
591,Bartholemy,Tugwell,btugwellge@google.co.jp,Male,3 Mockingbird Drive,7,D
592,Sylvia,Frangione,sfrangionegf@pinterest.com,Female,99519 Fremont Trail,7,F
593,Anjela,Enochsson,aenochssongg@rediff.com,Female,95 Harbort Plaza,11,A
594,Nollie,Shimmans,nshimmansgh@earthlink.net,Female,94968 Meadow Valley Parkway,6,E
595,Wright,Vondruska,wvondruskagi@i2i.jp,Male,4 Spenser Lane,12,F
596,Jameson,Matussov,jmatussovgj@blogger.com,Male,616 Donald Center,6,E
597,Stacey,Doll,sdollgk@amazon.co.jp,Non-binary,07104 Anthes Park,10,F
598,Bennie,Crunkhorn,bcrunkhorngl@upenn.edu,Male,2 Leroy Plaza,9,D
599,Krisha,Huskinson,khuskinsongm@google.ru,Male,2 Sundown Terrace,7,D
600,Anya,Wort,awortgn@so-net.ne.jp,Female,2 Mccormick Terrace,9,A
601,Marnia,Holton,mholtongo@nps.gov,Female,435 Stone Corner Alley,12,A
602,Rozamond,Jentges,rjentgesgp@hhs.gov,Female,95801 5th Trail,9,C
603,Edgar,Dilliway,edilliwaygq@eventbrite.com,Male,34 New Castle Center,12,E
604,Lucine,Bauser,lbausergr@yahoo.co.jp,Female,82 Atwood Plaza,9,F
605,Hebert,Canario,hcanariogs@answers.com,Male,19222 Arapahoe Trail,10,D
606,Barry,Loyndon,bloyndongt@free.fr,Male,4841 Basil Park,9,D
607,Kristyn,Gibbin,kgibbingu@flickr.com,Female,33782 Clove Crossing,6,B
608,Ivonne,Maltby,imaltbygv@hibu.com,Female,399 Kenwood Court,12,D
609,Sigismund,Lambrook,slambrookgw@independent.co.uk,Agender,1 Kropf Park,8,A
610,Geralda,Reggiani,greggianigx@auda.org.au,Female,72 Fieldstone Plaza,12,D
611,Fidela,Ithell,fithellgy@accuweather.com,Female,663 Fairfield Road,6,D
612,Kari,Colpus,kcolpusgz@businessweek.com,Female,1255 Clemons Avenue,9,E
613,Charlotte,Loughrey,cloughreyh0@marriott.com,Female,0 Namekagon Terrace,12,C
614,Neron,Band,nbandh1@yahoo.co.jp,Male,40 Crest Line Trail,12,F
615,Jasmina,Tomisch,jtomischh2@google.nl,Female,93670 Bashford Lane,10,D
616,Leta,Verbrugghen,lverbrugghenh3@mayoclinic.com,Female,13 Vidon Point,12,D
617,Sandy,Butson,sbutsonh4@ezinearticles.com,Female,94357 Fairview Court,7,F
618,Byrann,Ortas,bortash5@hostgator.com,Male,100 Pond Alley,9,A
619,Wald,Giles,wgilesh6@jigsy.com,Male,598 Badeau Point,9,C
620,Damiano,Semiras,dsemirash7@google.es,Male,47291 5th Center,9,B
621,Carree,Dixon,cdixonh8@lycos.com,Female,05 Dennis Road,6,B
622,Stephanus,Wickstead,swicksteadh9@elpais.com,Male,57 Old Shore Circle,9,C
623,Thurstan,Dealy,tdealyha@ibm.com,Male,1811 Union Parkway,8,B
624,Tabby,McCaghan,tmccaghanhb@reuters.com,Male,22 Sunbrook Lane,11,F
625,Tybie,Jelly,tjellyhc@123-reg.co.uk,Female,0808 Ronald Regan Way,7,D
626,Margaret,Durbin,mdurbinhd@list-manage.com,Female,252 Lakewood Terrace,6,B
627,Holly,Loughan,hloughanhe@unicef.org,Male,12489 Carey Point,11,D
628,Angelia,Boddy,aboddyhf@un.org,Female,438 Gateway Court,9,E
629,Sydney,Southers,ssouthershg@cbc.ca,Male,93 Prentice Alley,11,F
630,Dael,Aynscombe,daynscombehh@unicef.org,Male,49908 Express Park,9,C
631,Trenton,Fuchs,tfuchshi@google.fr,Male,630 Schiller Circle,12,C
632,Lazaro,Kemmons,lkemmonshj@google.com.hk,Male,7157 Heath Point,9,C
633,Nolie,Spark,nsparkhk@networksolutions.com,Female,03075 Melvin Plaza,7,D
634,Fitzgerald,Steel,fsteelhl@php.net,Agender,30 Manitowish Junction,8,C
635,Ina,McCuaig,imccuaighm@topsy.com,Female,8 Moulton Trail,7,B
636,Chen,Shankland,cshanklandhn@networksolutions.com,Male,1018 Johnson Avenue,10,F
637,Yardley,Palfery,ypalferyho@ask.com,Non-binary,815 Gerald Trail,7,B
638,Ike,Berrecloth,iberreclothhp@diigo.com,Male,2 Johnson Lane,6,B
639,Carey,McCaig,cmccaighq@va.gov,Female,099 Browning Hill,12,D
640,Windham,Sulman,wsulmanhr@hp.com,Male,9 Ramsey Lane,8,A
641,Annelise,Itzak,aitzakhs@huffingtonpost.com,Female,6173 Bowman Street,9,A
642,Marie-jeanne,Jansson,mjanssonht@yahoo.co.jp,Female,84327 Bowman Crossing,10,C
643,Hill,Westwick,hwestwickhu@biglobe.ne.jp,Bigender,877 Forest Dale Street,6,C
644,Eugene,Gaunter,egaunterhv@disqus.com,Male,155 Briar Crest Center,10,A
645,Clary,Galia,cgaliahw@ebay.co.uk,Female,40548 Mayer Street,7,D
646,Emlyn,Abadam,eabadamhx@biblegateway.com,Female,065 Laurel Circle,6,E
647,Sherm,Eatttok,seatttokhy@webeden.co.uk,Male,5 Truax Place,8,B
648,Gav,Hawkeridge,ghawkeridgehz@arizona.edu,Male,6 Coleman Circle,7,D
649,Mitchael,Prozescky,mprozesckyi0@vkontakte.ru,Male,2434 International Lane,8,A
650,Fair,Rosensaft,frosensafti1@businesswire.com,Male,68 Hoffman Terrace,7,C
651,Garey,O'Lennachain,golennachaini2@last.fm,Male,1060 Spohn Point,6,F
652,Fannie,Edgerly,fedgerlyi3@exblog.jp,Female,27 Towne Park,6,A
653,Marta,Casale,mcasalei4@myspace.com,Female,9037 Lien Alley,12,F
654,Sallee,Bonwell,sbonwelli5@washington.edu,Female,3179 Lindbergh Junction,6,F
655,Melvin,Nannini,mnanninii6@msn.com,Male,7117 Cordelia Terrace,12,D
656,Sherwin,Tapley,stapleyi7@imdb.com,Male,38 Southridge Terrace,8,A
657,Anica,Enden,aendeni8@xrea.com,Female,134 Dahle Hill,6,C
658,Katey,Eary,kearyi9@apache.org,Polygender,79 Paget Alley,10,D
659,Lacy,Maymond,lmaymondia@go.com,Female,05 Haas Alley,11,B
660,Emylee,Pape,epapeib@mozilla.org,Female,27 Vernon Hill,12,F
661,Silvana,Ector,sectoric@github.io,Genderqueer,58840 Oxford Circle,8,D
662,Delphinia,Archbald,darchbaldid@chicagotribune.com,Female,655 Muir Street,10,F
663,Garrick,Blaxlande,gblaxlandeie@moonfruit.com,Non-binary,3267 Autumn Leaf Way,8,E
664,Louisette,Jowitt,ljowittif@sfgate.com,Female,9 Sunfield Junction,12,F
665,Dena,McKleod,dmckleodig@cocolog-nifty.com,Female,67307 Summer Ridge Court,12,E
666,Hammad,Sangwin,hsangwinih@umich.edu,Male,85745 Dakota Court,10,B
667,Ring,Barhims,rbarhimsii@dailymail.co.uk,Male,96 Browning Point,8,C
668,Rees,Hackworthy,rhackworthyij@nhs.uk,Male,9711 Bartelt Street,9,E
669,Chrissie,Mynett,cmynettik@spotify.com,Female,71813 Mosinee Crossing,11,E
670,Alvira,Mackneis,amackneisil@slashdot.org,Female,8 Grim Park,10,C
671,Hervey,Pearn,hpearnim@google.pl,Male,7 Autumn Leaf Court,12,D
672,Nicola,Seakes,nseakesin@mashable.com,Female,37448 Dahle Pass,7,D
673,Emeline,Von Welden,evonweldenio@nps.gov,Genderqueer,9495 Washington Lane,8,A
674,Bearnard,Walentynowicz,bwalentynowiczip@bluehost.com,Male,90 Ronald Regan Parkway,7,B
675,Kenn,Garfoot,kgarfootiq@slashdot.org,Male,8345 Arapahoe Street,7,D
676,Newton,Hinz,nhinzir@salon.com,Genderfluid,9099 Schlimgen Point,11,F
677,Hilde,Woodrough,hwoodroughis@rambler.ru,Non-binary,9832 Bowman Pass,6,C
678,Ware,Trollope,wtrollopeit@cmu.edu,Male,194 Wayridge Pass,8,A
679,Beverley,Cracie,bcracieiu@geocities.jp,Female,7512 Farmco Parkway,12,D
680,Winifield,Beese,wbeeseiv@timesonline.co.uk,Male,21616 Linden Avenue,9,E
681,Merill,Bernocchi,mbernocchiiw@omniture.com,Male,396 Lawn Street,7,F
682,Ramsey,Runsey,rrunseyix@jugem.jp,Male,06232 Elgar Street,12,A
683,Horace,Dockrill,hdockrilliy@geocities.com,Male,19 Elgar Parkway,11,C
684,Douglas,Aubrey,daubreyiz@amazon.co.uk,Male,277 Marquette Pass,6,E
685,Norby,Gebbe,ngebbej0@icio.us,Bigender,19 Maryland Avenue,8,E
686,Denny,Abelevitz,dabelevitzj1@unc.edu,Polygender,0994 Pankratz Trail,8,F
687,Bren,Jewers,bjewersj2@networkadvertising.org,Female,141 Hazelcrest Hill,10,B
688,Conrado,Yardley,cyardleyj3@bbc.co.uk,Male,67 Pond Street,10,F
689,Aggie,Pudge,apudgej4@nbcnews.com,Female,67954 Corben Terrace,8,C
690,Marissa,Suermeiers,msuermeiersj5@ca.gov,Female,843 Thackeray Lane,11,C
691,Conny,Dimitru,cdimitruj6@wsj.com,Male,53358 Mesta Plaza,8,F
692,Obadiah,Presley,opresleyj7@wikimedia.org,Male,250 Green Hill,8,D
693,Lauraine,Pugh,lpughj8@apache.org,Female,16138 Pankratz Center,9,E
694,Patricio,Miroy,pmiroyj9@is.gd,Male,131 Manitowish Point,11,A
695,Radcliffe,Pidgeley,rpidgeleyja@hud.gov,Male,1 Cambridge Park,7,D
696,Charlene,Clipston,cclipstonjb@unicef.org,Female,84 Di Loreto Crossing,8,A
697,Dyanna,Baudy,dbaudyjc@hhs.gov,Female,35 Columbus Street,12,A
698,Gibb,Gwatkins,ggwatkinsjd@de.vu,Non-binary,6 Crowley Lane,10,D
699,Lovell,Coleman,lcolemanje@storify.com,Male,99046 Leroy Pass,12,C
700,Howard,Zecchetti,hzecchettijf@bbc.co.uk,Male,6 Fremont Road,9,E
701,Marlee,Peetermann,mpeetermannjg@theglobeandmail.com,Female,200 Coolidge Road,9,B
702,Garv,Godsal,ggodsaljh@acquirethisname.com,Male,75374 Melrose Drive,7,E
703,Ode,Steffans,osteffansji@state.tx.us,Male,35 Ramsey Park,9,F
704,Malorie,Sayward,msaywardjj@spotify.com,Female,611 Eagle Crest Plaza,7,A
705,Halley,Crother,hcrotherjk@nbcnews.com,Female,9 Kim Alley,11,C
706,Tobias,Djurevic,tdjurevicjl@mozilla.org,Male,81107 Green Ridge Place,8,E
707,Aimil,McCray,amccrayjm@google.fr,Female,497 Tennyson Lane,12,D
708,Garek,Dachs,gdachsjn@symantec.com,Male,70414 Carioca Circle,9,B
709,Hewitt,Pennazzi,hpennazzijo@msu.edu,Male,0 Mifflin Plaza,10,E
710,Beverlie,Spilisy,bspilisyjp@storify.com,Female,3424 Gateway Drive,7,B
711,Querida,Bilsland,qbilslandjq@ft.com,Bigender,97 Valley Edge Center,6,A
712,Hewet,Hairsine,hhairsinejr@businessinsider.com,Male,0 Petterle Court,7,E
713,Richardo,Johnke,rjohnkejs@moonfruit.com,Male,23900 Rusk Crossing,10,E
714,Sara,Fettes,sfettesjt@irs.gov,Female,07 Hovde Crossing,8,F
715,Angelle,Skip,askipju@upenn.edu,Female,732 Holy Cross Avenue,12,C
716,Jaynell,Vanshin,jvanshinjv@cbsnews.com,Female,50 Caliangt Way,6,B
717,Felicdad,Moakes,fmoakesjw@apache.org,Female,81654 Pond Plaza,12,C
718,Candis,Fairhead,cfairheadjx@pcworld.com,Polygender,6008 Crescent Oaks Pass,10,A
719,Hatty,Howling,hhowlingjy@cafepress.com,Female,02395 Logan Hill,8,E
720,Morna,Sawney,msawneyjz@instagram.com,Female,382 Aberg Crossing,10,F
721,Karly,Yeardley,kyeardleyk0@last.fm,Female,638 4th Crossing,12,A
722,Mendy,Warrington,mwarringtonk1@seattletimes.com,Male,848 Ludington Parkway,8,A
723,Aggie,Bourcq,abourcqk2@cloudflare.com,Female,2 Darwin Hill,11,A
724,Lilly,Castellan,lcastellank3@epa.gov,Female,1152 Forest Dale Trail,8,B
725,Jerrilee,Dudson,jdudsonk4@hibu.com,Female,042 Holy Cross Lane,6,E
726,Willa,Dimmick,wdimmickk5@apple.com,Female,72 Golf Course Way,8,B
727,Stephine,Troppmann,stroppmannk6@patch.com,Polygender,74 Mayfield Circle,10,C
728,Helga,Kinnen,hkinnenk7@nbcnews.com,Non-binary,3 Hoffman Court,8,C
729,Inesita,Rocco,iroccok8@si.edu,Female,86 Maple Center,6,F
730,Dorian,Glozman,dglozmank9@blinklist.com,Female,51632 Rockefeller Avenue,6,C
731,Jeffy,Bladge,jbladgeka@cornell.edu,Male,6 Mcguire Way,12,E
732,Jarrod,Letham,jlethamkb@nydailynews.com,Bigender,673 Lawn Court,7,C
733,Hobard,Astling,hastlingkc@huffingtonpost.com,Male,15672 American Trail,10,E
734,Bald,Bonnin,bbonninkd@google.com,Male,40 Hooker Street,12,F
735,Waring,Wainscot,wwainscotke@oaic.gov.au,Male,26 Claremont Center,9,A
736,Jeannie,Stitwell,jstitwellkf@army.mil,Female,798 Shoshone Circle,10,E
737,Bernardina,Speakman,bspeakmankg@unblog.fr,Female,7441 Anhalt Hill,9,E
738,Daria,Radnage,dradnagekh@mysql.com,Female,506 Linden Terrace,10,F
739,Bourke,Bolus,bboluski@bravesites.com,Male,04222 Cottonwood Crossing,11,C
740,Kata,Boots,kbootskj@princeton.edu,Female,87 Miller Point,11,C
741,Killie,Kelway,kkelwaykk@unesco.org,Male,9211 Kedzie Terrace,10,D
742,Chane,Ferenczi,cferenczikl@microsoft.com,Male,3013 Corry Plaza,9,B
743,Guenevere,Mabbutt,gmabbuttkm@epa.gov,Female,42395 Blaine Point,7,E
744,Regan,Bamling,rbamlingkn@weather.com,Female,631 New Castle Trail,9,A
745,Darb,Persian,dpersianko@newyorker.com,Male,81089 Laurel Junction,9,C
746,Dorie,Kurton,dkurtonkp@desdev.cn,Male,9132 Vidon Road,9,F
747,Witty,Spinello,wspinellokq@dedecms.com,Male,6 Lakeland Point,8,A
748,Lauraine,Huckstepp,lhucksteppkr@sbwire.com,Agender,126 Hudson Way,7,B
749,Maren,MacGowing,mmacgowingks@washington.edu,Female,32106 Hovde Plaza,8,F
750,Philis,Nassie,pnassiekt@soundcloud.com,Female,823 Anzinger Pass,12,C
751,Sena,Zanelli,szanelliku@phpbb.com,Female,99 Dottie Place,7,A
752,Franklin,Mundle,fmundlekv@tmall.com,Male,422 Pine View Road,9,C
753,Kendal,Grishanin,kgrishaninkw@sina.com.cn,Male,9 Meadow Valley Circle,11,C
754,Currey,Akett,cakettkx@cdbaby.com,Male,65551 Rowland Lane,12,A
755,Rosco,Pundy,rpundyky@microsoft.com,Male,59 Del Sol Terrace,7,D
756,Garvin,Ruffler,grufflerkz@wix.com,Male,505 Crowley Trail,11,E
757,Benton,Sexti,bsextil0@pcworld.com,Male,44 Red Cloud Road,9,B
758,Raynell,Iddenden,riddendenl1@slideshare.net,Female,75 Elka Trail,7,B
759,Joela,Medd,jmeddl2@google.cn,Female,2 Service Road,9,C
760,Horton,Reburn,hreburnl3@hexun.com,Male,81 La Follette Point,8,B
761,Melly,Boath,mboathl4@squarespace.com,Female,8 Harper Plaza,7,B
762,Reilly,Danilchenko,rdanilchenkol5@shop-pro.jp,Male,17411 Waxwing Terrace,6,A
763,Car,Merck,cmerckl6@woothemes.com,Male,0769 Morrow Lane,11,D
764,Gail,Mulcock,gmulcockl7@zdnet.com,Female,673 Stoughton Way,6,D
765,Alexis,Spellsworth,aspellsworthl8@ca.gov,Male,77 Aberg Circle,10,B
766,Kelley,Ginty,kgintyl9@nbcnews.com,Female,0448 Old Shore Plaza,12,E
767,Loraine,Cozins,lcozinsla@newsvine.com,Female,756 5th Parkway,6,E
768,Herold,Summerscales,hsummerscaleslb@webeden.co.uk,Male,7 Weeping Birch Drive,6,B
769,Gloriane,Tribe,gtribelc@artisteer.com,Female,01 Messerschmidt Terrace,8,F
770,Kylen,Pusill,kpusillld@mit.edu,Female,0638 Loeprich Place,12,B
771,Kipp,Reyne,kreynele@wufoo.com,Male,44 Paget Plaza,11,C
772,Haley,Lippiello,hlippiellolf@nih.gov,Male,576 Transport Park,10,E
773,Vivian,Farraway,vfarrawaylg@diigo.com,Female,12 Declaration Terrace,11,E
774,Carmela,Reiners,creinerslh@walmart.com,Female,399 Lien Terrace,9,F
775,Barbi,Fandrey,bfandreyli@tamu.edu,Female,8056 Oak Valley Way,6,F
776,Leon,Heddan,lheddanlj@merriam-webster.com,Male,6709 Stone Corner Court,9,F
777,Yoko,Helsby,yhelsbylk@vkontakte.ru,Female,3580 Prairie Rose Crossing,11,B
778,Casey,Hancke,chanckell@mysql.com,Male,593 Sugar Pass,12,A
779,Davy,Cuschieri,dcuschierilm@digg.com,Male,4408 Troy Place,8,B
780,Cristionna,Mountain,cmountainln@thetimes.co.uk,Female,43 Spenser Alley,12,A
781,Artemas,Coopper,acoopperlo@flickr.com,Male,7 Northport Place,7,E
782,Viva,Tease,vteaselp@slideshare.net,Female,75391 Mallard Park,11,C
783,Jessi,Atthowe,jatthowelq@pagesperso-orange.fr,Female,18260 Dennis Plaza,10,A
784,Karlik,Arrighetti,karrighettilr@gmpg.org,Male,163 Hoffman Terrace,12,B
785,Sibel,Farquar,sfarquarls@about.com,Female,070 Cody Park,12,F
786,Christie,Rosingdall,crosingdalllt@oaic.gov.au,Female,35 Hanson Plaza,12,A
787,Stacy,Pobjoy,spobjoylu@cbsnews.com,Male,83 Redwing Way,10,C
788,Nickola,Frondt,nfrondtlv@acquirethisname.com,Male,51 Cambridge Circle,6,F
789,Vincenz,Tenman,vtenmanlw@flavors.me,Male,21747 Springview Park,11,A
790,Anabelle,Milligan,amilliganlx@tinypic.com,Female,4279 Lawn Hill,8,C
791,Emmalynn,Bonefant,ebonefantly@people.com.cn,Female,70950 Schmedeman Lane,7,D
792,Mischa,O'Cahey,mocaheylz@google.nl,Male,3068 Elmside Alley,8,F
793,Harriett,Awmack,hawmackm0@biblegateway.com,Female,1637 Swallow Center,8,D
794,Giorgi,Galia,ggaliam1@mac.com,Male,9 Monica Drive,7,A
795,Onfre,Ewings,oewingsm2@smugmug.com,Male,6 Scoville Junction,11,A
796,Torr,Finlater,tfinlaterm3@wordpress.com,Genderqueer,6 Green Trail,6,A
797,Curcio,Burtwell,cburtwellm4@mail.ru,Male,24 Stoughton Plaza,8,E
798,Darda,Chumley,dchumleym5@google.de,Female,96 Hoard Center,10,F
799,Hillary,Lowre,hlowrem6@biblegateway.com,Female,25896 Morning Parkway,6,A
800,Hillier,Denk,hdenkm7@youku.com,Male,5 Kenwood Drive,9,E
801,Carena,Osbaldstone,cosbaldstonem8@home.pl,Female,8075 Green Ridge Street,10,D
802,Heath,Harbor,hharborm9@bravesites.com,Male,65 Larry Pass,12,E
803,Riccardo,Griffe,rgriffema@chronoengine.com,Male,40 Manufacturers Plaza,6,B
804,Mickey,Cabell,mcabellmb@time.com,Male,478 Doe Crossing Way,9,E
805,Ivar,Bradforth,ibradforthmc@tamu.edu,Male,4662 Shoshone Parkway,11,E
806,Florian,Sturror,fsturrormd@posterous.com,Male,8 Luster Crossing,7,C
807,Georgena,Ambrois,gambroisme@issuu.com,Female,63903 Algoma Hill,9,D
808,Sandor,Enga,sengamf@ycombinator.com,Male,22016 Aberg Junction,11,C
809,Robin,Nalder,rnaldermg@bizjournals.com,Male,4 Acker Circle,11,B
810,Tilda,Knowlden,tknowldenmh@hp.com,Female,034 Judy Way,8,A
811,Kenneth,Greenhall,kgreenhallmi@mozilla.com,Male,57026 Farmco Park,8,C
812,Kingsly,Heaslip,kheaslipmj@posterous.com,Genderqueer,3 Stoughton Alley,8,E
813,Wade,Chitham,wchithammk@canalblog.com,Male,7 Hazelcrest Avenue,6,A
814,Inglis,Hubback,ihubbackml@forbes.com,Male,919 Sunfield Avenue,9,D
815,Kathlin,Ayton,kaytonmm@dmoz.org,Female,215 Kenwood Street,6,E
816,Web,Grewcock,wgrewcockmn@cdbaby.com,Male,73004 Anzinger Drive,10,C
817,Hillie,Melrose,hmelrosemo@google.it,Male,365 Roth Drive,11,C
818,Calv,McIlreavy,cmcilreavymp@amazon.de,Male,213 Esch Way,8,F
819,Wang,Cox,wcoxmq@elpais.com,Genderfluid,02008 Gerald Trail,10,D
820,Phillipp,Foan,pfoanmr@jigsy.com,Agender,84132 Summerview Crossing,12,C
821,Brendin,Franzke,bfranzkems@bloglovin.com,Male,031 Continental Way,7,F
822,Peyter,De Ferraris,pdeferrarismt@godaddy.com,Male,9881 Schurz Parkway,9,A
823,Zerk,McCaskell,zmccaskellmu@google.com.br,Male,448 Prairieview Point,11,D
824,Ania,Allcoat,aallcoatmv@clickbank.net,Female,645 Menomonie Lane,11,D
825,Linnell,Blann,lblannmw@goo.gl,Female,282 Loeprich Road,6,C
826,Averell,Falcus,afalcusmx@patch.com,Male,02 Delaware Street,6,B
827,Chicky,Piola,cpiolamy@reference.com,Genderqueer,24 Upham Lane,12,B
828,Jackquelin,Pollen,jpollenmz@ft.com,Female,2 Rowland Street,8,D
829,Quill,Northcott,qnorthcottn0@youku.com,Male,87710 Hanover Parkway,6,B
830,Mufinella,Salzberger,msalzbergern1@uiuc.edu,Female,14191 Nova Trail,7,E
831,Hart,Keoghan,hkeoghann2@accuweather.com,Agender,33977 Trailsway Point,6,D
832,Tommy,Bradnocke,tbradnocken3@wsj.com,Female,010 Onsgard Court,9,E
833,Suzy,Telfer,stelfern4@mozilla.org,Female,4 Lakeland Crossing,10,E
834,Xylina,Humbatch,xhumbatchn5@psu.edu,Female,6 Packers Way,9,F
835,Erhart,Percifull,epercifulln6@amazon.co.uk,Male,0205 Helena Hill,7,F
836,Darla,Acland,daclandn7@canalblog.com,Female,844 Forest Dale Pass,9,F
837,Vinny,Faull,vfaulln8@prlog.org,Male,1 Graceland Alley,12,C
838,Nikki,Cordey,ncordeyn9@1688.com,Agender,31714 Bowman Center,12,A
839,Blondy,Tippings,btippingsna@comcast.net,Female,64 Linden Pass,10,D
840,Judie,Pallasch,jpallaschnb@skyrock.com,Female,5053 Independence Circle,11,C
841,Clerkclaude,Hancock,chancocknc@geocities.com,Male,95 Weeping Birch Alley,8,C
842,Neville,Spykins,nspykinsnd@surveymonkey.com,Male,35 Nevada Alley,9,D
843,Annora,Waters,awatersne@booking.com,Female,2702 Armistice Way,10,E
844,Brendan,Kloska,bkloskanf@vistaprint.com,Male,9234 Jana Park,8,C
845,Zitella,Follett,zfollettng@cafepress.com,Female,5269 Onsgard Terrace,10,D
846,Leanora,Twist,ltwistnh@desdev.cn,Agender,591 Valley Edge Hill,7,D
847,Raff,Balsom,rbalsomni@ted.com,Male,73 Kensington Terrace,7,F
848,Clemente,MacDiarmid,cmacdiarmidnj@goo.gl,Male,48 Service Park,7,F
849,Christoper,Semered,csemerednk@mashable.com,Male,4 Pierstorff Trail,11,D
850,Timotheus,Gellett,tgellettnl@hatena.ne.jp,Male,541 International Parkway,12,C
851,Bob,Arrol,barrolnm@dedecms.com,Male,721 Judy Alley,10,C
852,Sybil,Burnel,sburnelnn@studiopress.com,Female,45 Artisan Park,9,C
853,Haven,Duckerin,hduckerinno@ucsd.edu,Male,362 Dayton Junction,10,E
854,Anastasie,Simion,asimionnp@gnu.org,Agender,7 Packers Junction,7,C
855,Evan,Kerin,ekerinnq@tamu.edu,Male,51017 Loomis Way,11,F
856,Hazlett,Mutch,hmutchnr@wikimedia.org,Male,2 Bayside Street,9,A
857,Leslie,Tremble,ltremblens@fda.gov,Male,02 Melby Parkway,7,D
858,Omar,Inkle,oinklent@cisco.com,Agender,18075 Summer Ridge Drive,10,D
859,Ricard,Agron,ragronnu@harvard.edu,Male,7704 Northport Point,7,E
860,Glori,Brendeke,gbrendekenv@guardian.co.uk,Female,42 Nevada Plaza,9,F
861,Hersch,Shimwell,hshimwellnw@multiply.com,Male,1836 Nobel Park,6,D
862,Wolfgang,Michin,wmichinnx@joomla.org,Male,7651 Towne Way,11,B
863,Morton,Grindley,mgrindleyny@webmd.com,Genderfluid,503 Bonner Way,12,D
864,North,Baskwell,nbaskwellnz@webs.com,Male,0670 Donald Park,10,B
865,Calley,Cressy,ccressyo0@technorati.com,Female,26904 Victoria Park,10,A
866,Natka,Saggs,nsaggso1@bandcamp.com,Female,63327 Badeau Way,12,E
867,Dilan,Brown,dbrowno2@vistaprint.com,Male,948 Sachtjen Way,12,A
868,Joete,Fanthom,jfanthomo3@ocn.ne.jp,Female,218 Luster Way,12,D
869,Binny,Glentz,bglentzo4@weather.com,Female,563 Maple Wood Junction,7,E
870,Lon,Search,lsearcho5@kickstarter.com,Male,88111 Lakeland Road,6,D
871,Joli,Addenbrooke,jaddenbrookeo6@myspace.com,Female,52 Larry Parkway,7,B
872,Randy,Gooch,rgoocho7@privacy.gov.au,Male,2 Glendale Plaza,8,A
873,Vivien,Trevallion,vtrevalliono8@ow.ly,Female,7410 Glacier Hill Alley,9,C
874,Sean,Wilce,swilceo9@cdbaby.com,Male,6341 Del Sol Point,10,A
875,Tanya,Reagan,treaganoa@vk.com,Female,4 Lerdahl Junction,9,B
876,Denny,Louys,dlouysob@goo.gl,Female,20923 Springs Terrace,7,B
877,Rayshell,Brickner,rbrickneroc@bigcartel.com,Female,30276 Anzinger Hill,8,A
878,Fredric,Jardine,fjardineod@ox.ac.uk,Male,8 Menomonie Alley,11,F
879,Helaine,Ivanchin,hivanchinoe@desdev.cn,Female,464 Alpine Terrace,9,F
880,Sheffie,Turrill,sturrillof@chron.com,Male,71 Golf Trail,8,D
881,Brantley,Sineath,bsineathog@springer.com,Non-binary,48679 Stang Trail,6,B
882,Guthrey,Necolds,gnecoldsoh@taobao.com,Male,22864 Mockingbird Pass,10,F
883,Willis,Sansun,wsansunoi@mit.edu,Male,808 Amoth Point,7,C
884,Peirce,Cawthorne,pcawthorneoj@jugem.jp,Male,297 Commercial Circle,12,E
885,Dell,Roalfe,droalfeok@fda.gov,Male,8 Namekagon Drive,6,C
886,Zsa zsa,Waddell,zwaddellol@un.org,Female,954 Daystar Junction,9,D
887,Milli,Manclark,mmanclarkom@linkedin.com,Female,592 Manitowish Center,8,C
888,Octavia,Avon,oavonon@nhs.uk,Female,65227 Tennyson Drive,12,F
889,Dollie,Mordey,dmordeyoo@mayoclinic.com,Female,1 Burrows Place,11,F
890,Gris,Vasechkin,gvasechkinop@example.com,Male,248 Manitowish Hill,9,B
891,Aharon,Lappine,alappineoq@cyberchimps.com,Male,3 6th Park,9,B
892,Gordan,Sigfrid,gsigfridor@4shared.com,Male,1621 Doe Crossing Road,9,F
893,Daffi,Mingauld,dmingauldos@princeton.edu,Female,24654 Center Avenue,9,E
894,Abner,Kobpa,akobpaot@usatoday.com,Male,3 Monterey Plaza,9,B
895,Samuel,Chevis,schevisou@joomla.org,Male,714 Sauthoff Way,7,E
896,Jarred,Wilhelmy,jwilhelmyov@house.gov,Male,20 Beilfuss Court,6,C
897,Jade,Coumbe,jcoumbeow@europa.eu,Female,22 Bartelt Hill,7,A
898,Denver,Torri,dtorriox@slashdot.org,Male,25 Shelley Trail,10,E
899,Letti,Penrose,lpenroseoy@opensource.org,Female,78690 Independence Way,11,F
900,Fonzie,Jovasevic,fjovasevicoz@t.co,Polygender,2476 Park Meadow Terrace,6,D
901,Brnaba,Mougel,bmougelp0@blog.com,Male,5864 Carpenter Circle,11,F
902,Sherry,Normabell,snormabellp1@shareasale.com,Female,3754 Hauk Road,10,D
903,Callean,Hortop,chortopp2@aboutads.info,Male,838 Prentice Road,11,F
904,Inesita,Patley,ipatleyp3@adobe.com,Non-binary,21490 Warrior Street,7,D
905,Emanuele,Tramel,etramelp4@harvard.edu,Male,2095 Pankratz Court,10,C
906,Agatha,Forsaith,aforsaithp5@nsw.gov.au,Female,3473 Canary Center,12,C
907,Ilaire,Mensler,imenslerp6@mit.edu,Male,58014 Independence Park,11,B
908,Deedee,Southcott,dsouthcottp7@tinypic.com,Genderqueer,16 Elgar Street,10,C
909,Chickie,Goggen,cgoggenp8@taobao.com,Male,08 Manley Center,6,B
910,Holden,Daynter,hdaynterp9@cpanel.net,Male,94520 Goodland Crossing,9,C
911,Dolorita,Hanks,dhankspa@sphinn.com,Female,69418 Johnson Place,7,E
912,Fancie,Jevon,fjevonpb@ocn.ne.jp,Female,741 Chive Pass,6,A
913,Ania,Ferrario,aferrariopc@discuz.net,Genderfluid,02 Donald Road,9,C
914,Lizbeth,Twitchings,ltwitchingspd@timesonline.co.uk,Female,0883 Towne Avenue,6,C
915,Bailie,Plaid,bplaidpe@chronoengine.com,Male,2 Helena Hill,7,E
916,Guilbert,Portman,gportmanpf@telegraph.co.uk,Male,17 Boyd Center,7,F
917,Drucy,Mabone,dmabonepg@state.tx.us,Female,10 Delaware Court,9,C
918,Hallie,Gibling,hgiblingph@hibu.com,Female,010 Fallview Terrace,8,C
919,Barby,Cutting,bcuttingpi@jalbum.net,Female,491 Waxwing Lane,8,A
920,Humphrey,Dumke,hdumkepj@jugem.jp,Male,897 Upham Center,6,D
921,Sallee,Rigglesford,srigglesfordpk@soundcloud.com,Female,70 Pleasure Park,12,D
922,Arturo,Covotti,acovottipl@google.ca,Male,39 Maple Way,8,B
923,Dario,Brimmell,dbrimmellpm@apple.com,Male,27 Gina Park,12,A
924,Octavia,Bleas,obleaspn@tuttocitta.it,Genderfluid,5751 Dorton Parkway,8,D
925,Deina,Whoolehan,dwhoolehanpo@epa.gov,Female,75930 Kennedy Avenue,6,A
926,Jermaine,Scones,jsconespp@whitehouse.gov,Agender,6 Lindbergh Avenue,6,B
927,Virginie,Janny,vjannypq@hp.com,Female,11402 Maple Wood Junction,6,E
928,Dewie,Kadwallider,dkadwalliderpr@dailymail.co.uk,Male,2506 Union Road,10,F
929,Owen,Berni,obernips@csmonitor.com,Male,482 Fieldstone Junction,12,E
930,Gavrielle,Perell,gperellpt@ovh.net,Female,715 Hansons Street,10,F
931,Lynnett,Buncher,lbuncherpu@reuters.com,Agender,755 Hoepker Road,7,E
932,Angel,Baitey,abaiteypv@unicef.org,Male,9400 Prairieview Road,12,D
933,Ronny,Attewill,rattewillpw@dailymail.co.uk,Male,9375 Sutteridge Court,12,B
934,Pavia,Maggorini,pmaggorinipx@bizjournals.com,Female,740 Truax Junction,7,A
935,Mort,Trotter,mtrotterpy@discuz.net,Polygender,940 Delaware Center,6,F
936,Annette,Cokely,acokelypz@stanford.edu,Agender,92 Beilfuss Plaza,8,A
937,Mordy,Edgson,medgsonq0@princeton.edu,Male,35320 Hauk Junction,11,C
938,Maribel,Elders,meldersq1@arizona.edu,Genderqueer,587 Pleasure Parkway,9,E
939,Brew,Divers,bdiversq2@yahoo.co.jp,Polygender,65 Mallard Trail,12,A
940,Eula,Ambrosoni,eambrosoniq3@time.com,Female,42 Vahlen Lane,10,F
941,Marijo,Frend,mfrendq4@eepurl.com,Polygender,7177 Luster Parkway,7,D
942,Dru,Cowterd,dcowterdq5@princeton.edu,Female,1 Maryland Place,8,D
943,Kev,Oughton,koughtonq6@nyu.edu,Male,66023 Johnson Crossing,11,E
944,Hilliary,Gover,hgoverq7@smugmug.com,Female,0 Birchwood Circle,10,C
945,Orel,Dionisi,odionisiq8@dailymail.co.uk,Female,18 Anzinger Circle,6,E
946,Elianore,Isard,eisardq9@odnoklassniki.ru,Female,1 Bay Crossing,7,E
947,Malissia,Kearn,mkearnqa@stanford.edu,Female,98 Browning Avenue,9,A
948,Hort,Strettell,hstrettellqb@devhub.com,Male,4867 Jackson Trail,12,A
949,Cordelie,Beloe,cbeloeqc@slate.com,Female,434 Shelley Road,7,D
950,Editha,Chippindale,echippindaleqd@seattletimes.com,Female,14222 American Junction,6,A
951,Eamon,Hyrons,ehyronsqe@domainmarket.com,Male,72 Manley Street,7,C
952,Charleen,Lynskey,clynskeyqf@de.vu,Female,16 Delaware Plaza,7,D
953,Bruis,Genny,bgennyqg@ameblo.jp,Male,26 Delaware Street,9,C
954,Amandi,Whitehouse,awhitehouseqh@uiuc.edu,Female,130 Alpine Alley,8,C
955,Jerome,Swindle,jswindleqi@fc2.com,Male,56941 Kingsford Trail,8,A
956,Silvan,Bachmann,sbachmannqj@godaddy.com,Agender,007 Evergreen Pass,7,A
957,Jessamyn,Polly,jpollyqk@example.com,Genderqueer,4931 Orin Park,7,A
958,Celinda,Galler,cgallerql@jugem.jp,Female,6 Charing Cross Street,9,E
959,Janina,Korneichik,jkorneichikqm@tinyurl.com,Female,89 Lunder Avenue,8,C
960,Ekaterina,Piscopiello,episcopielloqn@state.tx.us,Genderfluid,3496 Hanson Hill,6,A
961,Janine,Rennard,jrennardqo@marketwatch.com,Female,22938 Eastwood Crossing,7,E
962,Sandy,Crewdson,screwdsonqp@discuz.net,Female,0449 Buena Vista Place,6,E
963,Gabbie,Siddeley,gsiddeleyqq@tiny.cc,Male,67 Saint Paul Point,8,C
964,Tiphani,Fawson,tfawsonqr@altervista.org,Female,48 Fallview Pass,9,E
965,Dorita,Pallaske,dpallaskeqs@flavors.me,Female,397 Burning Wood Plaza,11,E
966,Padraic,Sands,psandsqt@geocities.jp,Male,2 Stang Crossing,10,F
967,Lorry,Stoyell,lstoyellqu@scribd.com,Male,72158 Melvin Parkway,8,A
968,Bobette,Scolland,bscollandqv@woothemes.com,Female,1 1st Lane,6,C
969,Peadar,Boater,pboaterqw@dedecms.com,Bigender,281 Johnson Lane,10,D
970,Lynea,Girling,lgirlingqx@businessweek.com,Female,5451 Sachtjen Way,6,D
971,Annemarie,Burgoin,aburgoinqy@de.vu,Female,86 Independence Circle,6,C
972,Odo,Plant,oplantqz@prweb.com,Male,00 Fair Oaks Crossing,6,A
973,Dorise,Santostefano.,dsantostefanor0@si.edu,Female,23193 Mendota Crossing,9,D
974,Chantal,Farnell,cfarnellr1@nbcnews.com,Female,0 Badeau Trail,9,F
975,Virginia,Braxton,vbraxtonr2@about.me,Female,3453 Crescent Oaks Crossing,9,E
976,Cart,Chaudron,cchaudronr3@phpbb.com,Male,304 Crowley Crossing,7,D
977,Joela,Wray,jwrayr4@marketwatch.com,Female,2375 Russell Lane,7,B
978,Fanya,Amsberger,famsbergerr5@abc.net.au,Female,1 Clemons Drive,8,C
979,Viva,Towers,vtowersr6@amazon.com,Female,0254 La Follette Circle,10,A
980,Diandra,Etchingham,detchinghamr7@hexun.com,Female,27041 Division Alley,6,D
981,Forrester,Cribbin,fcribbinr8@ow.ly,Male,5 Reinke Park,7,A
982,Inessa,Dannehl,idannehlr9@sitemeter.com,Bigender,57 Lillian Way,11,A
983,Sher,Vogelein,svogeleinra@yellowpages.com,Female,7 Eastlawn Place,10,E
984,Sergei,Guilloud,sguilloudrb@baidu.com,Male,210 Kropf Avenue,6,C
985,Thurstan,Towndrow,ttowndrowrc@census.gov,Agender,08339 Independence Circle,6,B
986,Helge,Janeczek,hjaneczekrd@google.ru,Female,21 Stuart Court,6,F
987,Blake,Yezafovich,byezafovichre@tumblr.com,Male,060 Talisman Road,12,C
988,Minda,Durie,mdurierf@uol.com.br,Female,4 Westend Pass,12,D
989,Idalia,Lambertson,ilambertsonrg@apple.com,Female,1598 Namekagon Street,6,D
990,Bowie,Ruffle,brufflerh@zdnet.com,Male,80370 Colorado Court,8,C
991,Mycah,Witul,mwitulri@biglobe.ne.jp,Male,41 Hermina Alley,7,A
992,Amaleta,Jossum,ajossumrj@wunderground.com,Female,1336 Maple Plaza,12,D
993,Kassey,Bengefield,kbengefieldrk@cbsnews.com,Female,13379 Farmco Street,10,D
994,Reagen,Aireton,rairetonrl@facebook.com,Male,575 Corben Hill,7,A
995,Madelina,Scoble,mscoblerm@wordpress.org,Female,95960 Acker Road,6,E
996,Em,Wragge,ewraggern@yellowpages.com,Female,1 Eliot Trail,7,C
997,Julianna,Castelow,jcastelowro@soundcloud.com,Female,524 Mesta Terrace,12,F
998,Ninon,Sketh,nskethrp@google.ru,Female,8931 Mesta Junction,10,D
999,Helenka,Cleland,hclelandrq@google.com.au,Female,1372 Bartillon Court,9,F
1000,Anabel,Twopenny,atwopennyrr@4shared.com,Female,1 High Crossing Street,9,E
1001,Ujjwal,Kakar,ujk2005@gmail.com,Male,abc nager delhi,12,F
1002,Raj,Kapoor,rkkapoor@gmail.com,Male,12/34 Subhash Nagar,8,E
